geoid,st_name,st_abbr,co_name,farmLandAc,1995,2000,2001,2003,2004,2005,2010,2015
17001,Illinois,IL,Adams,388605,64840.7,75245.7,78757.2,79307.9,6527.5,81158.4,77503.5,84721
17003,Illinois,IL,Alexander,62404,6742.4,10942.2,9689.3,12904.3,773.3,11998.3,6366.1,9299.5
17005,Illinois,IL,Bond,198353,44502.1,35574.5,37801.2,41902.2,3988.9,37530.4,38400.5,29562.3
17007,Illinois,IL,Boone,134751,24581.3,28848.4,19983.9,26062,1811.6,30710.6,23112.2,19237.4
17009,Illinois,IL,Brown,137499,21746.1,26659,26475.4,27578.2,2145.3,30403,20878.1,23145.2
17011,Illinois,IL,Bureau,449950,138280.5,100515.6,103808.4,122517.5,4878.7,120977.2,119684.3,82132.8
17013,Illinois,IL,Calhoun,87722,13674.6,13172.9,10661.6,13636.5,1120.5,11960.8,11925.9,8645.9
17015,Illinois,IL,Carroll,256356,75257.1,54581.3,56462.9,63548,2554.7,58948.4,56619.1,47014.2
17017,Illinois,IL,Cass,182554,46936.6,49630.5,53247.1,60637.6,2984,51084.1,46490,40683.1
17019,Illinois,IL,Champaign,616429,92059.8,119140.5,116213.6,116381.7,9275.7,141321.6,101799.8,96443.3
17021,Illinois,IL,Christian,373643,101411.4,119179.3,126351.8,139036.3,7900.1,120133.8,117005.9,83449.3
17023,Illinois,IL,Clark,266676,56634.5,74630.3,69399.7,72648.7,2371.7,68657.2,39343.7,42112.5
17025,Illinois,IL,Clay,270355,29529.8,45932.6,51927.4,43232.1,2231.8,53405.8,31380.1,37651.4
17027,Illinois,IL,Clinton,285501,38439.3,60598.6,63791,82603.7,3094,85345.7,63053.6,84622.1
17029,Illinois,IL,Coles,266749,67826.4,83047.1,77803,81430.9,2617.5,77032.8,48590.9,56269.8
17031,Illinois,IL,Cook,8467,4071.4,3062,3096,1861.1,206,2261.4,1197.2,1168.6
17033,Illinois,IL,Crawford,214931,45817.2,55776.4,54874.7,59696.3,2057.4,58194.7,36181.6,39516.1
17035,Illinois,IL,Cumberland,170079,35982.3,49674.6,47791.8,53338,1703.9,48836.9,28978.9,32535.6
17037,Illinois,IL,DeKalb,397605,69635.7,73060.1,62199.9,75202.6,4334.8,85813.5,67297.3,63053.7
17039,Illinois,IL,De Witt,195402,27533.8,45983.8,42628.2,45594.4,5044.8,47577.7,37867.1,46999
17041,Illinois,IL,Douglas,262932,71119.5,86912.5,81528.6,84450.5,2700.7,87125.2,46946.8,54122.3
17043,Illinois,IL,DuPage,7336,2426.8,1757.8,1881.5,1113.2,92.6,1141.1,753.9,543.9
17045,Illinois,IL,Edgar,351485,89274.4,115810.1,107191.4,112769.4,3517.1,111942.8,70592,78543.7
17047,Illinois,IL,Edwards,106761,10335.6,17919.9,20889.1,14616.2,2913.7,22393.6,13973.4,14290
17049,Illinois,IL,Effingham,287113,51153,61841.7,59714.7,64474.3,2319.3,61869.9,36245.7,42179
17051,Illinois,IL,Fayette,303102,50983,69492,69177.4,70348.6,3060.2,75679.3,51581.8,51606.8
17053,Illinois,IL,Ford,308303,44508.3,62168.1,58294.5,60081.1,4706.1,71650.6,54936.4,48947.3
17055,Illinois,IL,Franklin,181351,12427.3,19558.8,24504.5,16187,4747.1,29152.7,13622.8,13733.9
17057,Illinois,IL,Fulton,355101,83598.9,84950.3,76298.1,85533,6721.3,86731.1,74373.9,70787.5
17059,Illinois,IL,Gallatin,186295,22125.1,42881.7,42348.7,33072.8,5104.5,42487.3,21497.4,24654.2
17061,Illinois,IL,Greene,290189,51790.7,67943.8,75162.3,85576.1,4607.7,65110.7,64324.5,47779
17063,Illinois,IL,Grundy,217004,36329.7,40022.7,34279.3,42538.8,2619.5,45825.3,32089.1,29306.5
17065,Illinois,IL,Hamilton,223383,12112,29047.8,38140.8,24763.2,5849.7,42941.6,21474.8,24606.6
17067,Illinois,IL,Hancock,386068,84525.7,90146.5,85932.9,91915.1,7478.1,95266.8,83233.1,89309.5
17069,Illinois,IL,Hardin,33169,786.4,807.9,1031.6,605.9,264.4,973.9,1122.9,1335
17071,Illinois,IL,Henderson,171674,57599,54512.8,47242.4,58440.3,3489.8,55441,48301.7,52476.8
17073,Illinois,IL,Henry,479313,127969.9,88995,90924.1,104234,4659.1,98754.5,95834.7,72596
17075,Illinois,IL,Iroquois,669304,99542.4,137204.2,128194.9,138969.2,10461.4,167564.6,124294,116653.3
17077,Illinois,IL,Jackson,214191,20221.2,25119.8,30329.6,37667.9,1909,30714.9,26880.1,36793.7
17079,Illinois,IL,Jasper,250660,50437.5,67278.7,65467.4,68948.3,2552.5,65733.8,41229.6,48100.1
17081,Illinois,IL,Jefferson,213845,9203,22810.8,26842.2,16853.9,5505.7,34198.1,18643.9,18044.2
17083,Illinois,IL,Jersey,155511,31020,39574.8,41500.4,45098,3002.8,40732.7,36400.4,26498.8
17085,Illinois,IL,Jo Daviess,271513,48018.7,33821.6,32810.2,37546,2690.8,34804.5,40345.4,32559.6
17087,Illinois,IL,Johnson,89804,6417.6,7226.1,7120.7,5989.5,452.8,7380.3,5196.1,6855.2
17089,Illinois,IL,Kane,168450,33448.1,33453.5,28323.8,32620,2337.7,36365.2,26213,21120.2
17091,Illinois,IL,Kankakee,342511,58975.9,79982.8,76480.4,79287.2,5713.5,95909.7,71298.9,63635.1
17093,Illinois,IL,Kendall,129740,29117.3,30313.6,25249.4,28894.4,2102,31677.5,24933.8,23704.9
17095,Illinois,IL,Knox,347547,94793.7,90077,83700.9,92445,6650.9,94092.4,85839.8,86430.2
17097,Illinois,IL,Lake,30120,6268.8,5139.2,4968.9,4192.9,460.8,5008.3,2553,2214.8
17099,Illinois,IL,LaSalle,602258,97990.9,102495.7,90023.8,112386.5,7204,123944.5,99960.4,81311.6
17101,Illinois,IL,Lawrence,184124,44289.3,53178.7,53663.2,48171.4,1816.7,52732.2,32053,34782.2
17103,Illinois,IL,Lee,368800,120263.6,86759.4,91334.2,106832.8,4188.3,108986.1,108748.1,81414.5
17105,Illinois,IL,Livingston,656276,92856.7,124403.9,120963.3,121556.2,9787.5,149534.8,110328.8,102124.4
17107,Illinois,IL,Logan,363120,49515.1,83400.6,78120.4,81874.6,8324.2,89379.5,71672.9,86193
17109,Illinois,IL,McDonough,291969,80760.4,81066.3,79442.7,80748,6356.7,86222.5,71438.1,81203.1
17111,Illinois,IL,McHenry,234339,38778.2,38640.9,32566.4,36842.5,2842.5,39458.4,30673.6,26921.3
17113,Illinois,IL,McLean,692148,89798.8,152909.6,136760.3,141551.2,15063.3,157072.7,122099.7,140019.3
17115,Illinois,IL,Macon,336705,39792.3,69986.6,62247.3,64267.5,7200.5,73087.9,59489.2,68072.4
17117,Illinois,IL,Macoupin,438501,91091.1,103789.6,112200.4,124780.7,7400.8,110977.3,115668,77541.3
17119,Illinois,IL,Madison,306919,49684.7,60225.1,73647.1,68162,5877.9,61440.7,60178.7,47002
17121,Illinois,IL,Marion,266681,30875.8,44360.5,47342,43704.4,2141.1,50831.4,31830.8,36433.3
17123,Illinois,IL,Marshall,209177,26780.9,44850.3,40105.9,43324.3,4362,46805,38943.8,43937.5
17125,Illinois,IL,Mason,289894,33179.8,53910.9,52160.1,58935.8,5650.4,61223.6,42577.5,58659.3
17127,Illinois,IL,Massac,102174,7419.1,13694,15036.7,9634.7,2131.5,15797.8,7639.8,9272.4
17129,Illinois,IL,Menard,157772,21512,38311.3,34604.8,35711.3,3896.1,37672,28023.9,35314.6
17131,Illinois,IL,Mercer,252136,68351.5,51823.3,50909,64267.5,2989.3,58070.1,54503.9,43786
17133,Illinois,IL,Monroe,193190,24754.4,36368.7,45593.9,58103.5,2199.5,49505.5,36104.4,45237.6
17135,Illinois,IL,Montgomery,382355,78083.7,93774.6,100105.9,109423.7,7118.7,94393.5,96170.2,66759.3
17137,Illinois,IL,Morgan,309065,69715.4,79123.7,81555.9,90000,5523.4,80122.2,79565.6,59282.9
17139,Illinois,IL,Moultrie,204898,49797.4,59457.1,58643,63170.7,1892.4,62956.4,37863.2,40889.5
17141,Illinois,IL,Ogle,376254,115850.4,81367.9,84957.2,98240,4068.1,92134.1,98200.4,75259.8
17143,Illinois,IL,Peoria,249865,31262,48816.1,48173.5,53220.3,5067.1,53253.6,40933.5,47498.1
17145,Illinois,IL,Perry,180667,26380.7,35895.2,37228.1,43447.5,2231.6,52922.4,33711.9,44546.7
17147,Illinois,IL,Piatt,259145,41244.8,55249.4,51993.6,54147.7,4254.9,67064.8,51927.8,47741.3
17149,Illinois,IL,Pike,411310,66685.6,92015.2,98692.4,102692.4,5672.8,91426.2,89127.9,70442.2
17151,Illinois,IL,Pope,77884,2328,4172.2,3936.2,2322.5,581.7,3559.8,2580.8,2677
17153,Illinois,IL,Pulaski,82096,10242.2,13432.2,13954,19377.6,830.9,17060.4,13490.6,16337
17155,Illinois,IL,Putnam,60169,18785.7,15169.6,15182.2,17407.4,784.2,17542.9,16653.2,11400
17157,Illinois,IL,Randolph,278442,32193.3,41803.3,48634.7,67206.1,2920.3,64150.9,42181.7,53551.2
17159,Illinois,IL,Richland,188938,39954.9,54496.2,53433.8,48475.9,2120.7,54026.4,30722,35812.4
17161,Illinois,IL,Rock Island,149098,37628.3,26741.6,26561,32743.8,1654.8,31180.2,28266.1,21305.2
17163,Illinois,IL,St. Clair,251748,54348.5,71038.1,71209.3,89978.5,3326.3,85693.9,58074,76214.6
17165,Illinois,IL,Saline,139777,11182.2,20515.9,24980.9,17781.6,3335.3,24463,14416.8,15686.3
17167,Illinois,IL,Sangamon,514034,120488.1,124728.8,134960.9,150944,7983,134007.5,126552.3,93293.1
17169,Illinois,IL,Schuyler,182185,31524.4,35592.7,36268.9,39030,3307,40575.2,34226.1,37795.9
17171,Illinois,IL,Scott,147577,28222,34816,36296,36420.5,2213.9,31816.4,30446.5,21007.7
17173,Illinois,IL,Shelby,405847,93754.9,123961.8,115931.9,120256.9,3835.7,116785.2,76039.5,84435.5
17175,Illinois,IL,Stark,168146,25543.3,41944.5,36309.7,40832.4,4006.9,44861.7,32727.8,39784.6
17177,Illinois,IL,Stephenson,352640,86002.4,63524.7,64056.5,73946.6,3111.1,66127.6,68810.6,57688
17179,Illinois,IL,Tazewell,335934,42696.9,68933.1,62688.8,64953.8,6947.1,69481.2,54460.6,65637.4
17181,Illinois,IL,Union,121193,7436.9,11662.7,12105.5,12620.8,960.2,13938.6,8948,11842.8
17183,Illinois,IL,Vermilion,434091,73621.9,95141.6,93012.4,93339.1,7264.8,113983.6,81570.4,76711.7
17185,Illinois,IL,Wabash,106447,11892.2,22149.1,28283.4,21991.3,3851.8,28402.7,15648.8,15441.8
17187,Illinois,IL,Warren,338461,94543.7,83499.9,77340.8,83298.1,6119.3,86773.6,82004.9,84618.8
17189,Illinois,IL,Washington,355006,45426.1,67587,70161.9,79103.7,4115.1,94464.6,70099,95179.3
17191,Illinois,IL,Wayne,368671,20091.2,42545.6,54006.8,31207.9,8441,64499,39770.2,43128.1
17193,Illinois,IL,White,310952,23805.1,44078.9,52337.7,47613.7,7968.7,52466,31973.5,30451.1
17195,Illinois,IL,Whiteside,403324,118506.4,81718,84764.7,101783.3,3895.6,96508.8,96377,74482
17197,Illinois,IL,Will,233906,44829.4,40865.3,39950.4,44649.2,3616.1,43851.1,31437.6,27365.4
17199,Illinois,IL,Williamson,103531,9439,13583.7,14265.8,9473.9,601.5,15356.7,11988.4,14825
17201,Illinois,IL,Winnebago,183016,54421.4,36252.8,35815.7,40409.5,1744.7,39112,40710.8,26168.6
17203,Illinois,IL,Woodford,322930,37646.6,63039.4,58098.1,60950.1,6674,65995.4,49879.3,56389.5
18001,Indiana,IN,Adams,210252,41298,38396,29908.9,35458.2,2993.6,34696.1,27708.5,30485.2
18003,Indiana,IN,Allen,270921,44060.5,41878.4,33868.2,42486,3896,39166.5,32605.7,35485.8
18005,Indiana,IN,Bartholomew,171615,39933.9,37702.4,40350.9,35703.6,5568.5,34376.1,26283.3,18502.6
18007,Indiana,IN,Benton,254124,63547,64673.8,74225,62005.4,4796.8,73618.8,41832.9,52253.4
18009,Indiana,IN,Blackford,88007,6814,11582.8,15252.5,14672,2216.3,11149.8,11580.3,16780.1
18011,Indiana,IN,Boone,221673,55188.6,62183.8,65432.9,60437.1,8862,58135.5,39782,29155.4
18013,Indiana,IN,Brown,14576,623.7,1992,302.5,993.4,330.4,1395.1,956.4,468.2
18015,Indiana,IN,Carroll,204157,32319.3,55239.8,56412.5,64486.7,3180.6,46262.9,38306.3,34489.6
18017,Indiana,IN,Cass,200208,27945.7,51539.1,54409.3,61507.5,3009.7,47991.5,39714.9,37936.7
18019,Indiana,IN,Clark,78505,12205.1,10145.8,20301.1,9971,1604.2,11569.1,11752.9,7623.2
18021,Indiana,IN,Clay,162953,42433.4,37148.8,31744.9,30424.4,2859.8,40387.6,18172.5,25418.8
18023,Indiana,IN,Clinton,223467,59054.6,62776.2,66602,59420.4,8285.4,57184.1,47941.8,34308.9
18025,Indiana,IN,Crawford,46355,688.4,1741.5,302.9,1087.8,415,1400.8,1577.3,615.5
18027,Indiana,IN,Daviess,225122,36645.3,49866.4,45673.4,39733.9,3782.9,40764.1,38645.2,37865.3
18029,Indiana,IN,Dearborn,56622,4696.4,4475.8,8681.8,4852.7,496.8,5090.6,5115.8,3906.1
18031,Indiana,IN,Decatur,186463,49984.7,47053.8,50390.5,42288.4,6268.8,41425.6,34072.3,24670.2
18033,Indiana,IN,DeKalb,160923,28640,21951.7,18343.4,23568.3,2223.5,23326.7,21076.7,24454
18035,Indiana,IN,Delaware,175160,16667.9,30721.2,44826.6,44985,6410.6,29957.3,24294,39677.4
18037,Indiana,IN,Dubois,174736,30271.2,35709.1,32189.5,22887.6,2658.1,26199.1,24512.7,25283.2
18039,Indiana,IN,Elkhart,172819,18771.1,33229.2,37100.9,38772.6,2055,30731.5,22606.2,21430.1
18041,Indiana,IN,Fayette,78302,10188.9,17705.8,24747.3,23670.7,3071.9,16238,12485.9,19263.1
18043,Indiana,IN,Floyd,21496,530.4,3135.5,453.3,1508.4,591,2339.5,1051.2,790.4
18045,Indiana,IN,Fountain,214482,66102.4,58314.6,51535.4,49475,4363.6,67116.9,27298.5,39315.2
18047,Indiana,IN,Franklin,124986,25010.2,21439.8,42222.5,28287.1,1913.2,23582,23496.4,18593.1
18049,Indiana,IN,Fulton,188384,26141.8,46329,49602.1,55995.9,2613.1,42519.7,37631.7,36259.9
18051,Indiana,IN,Gibson,268005,48537.1,59627.8,53278.9,38034.9,4399.3,46546.6,47207.9,43589.1
18053,Indiana,IN,Grant,183386,37312.5,43070.1,48785.1,38404.6,7259.4,38979.1,30634.1,20497.6
18055,Indiana,IN,Greene,181227,22309.5,26579.6,24647,22137.9,2187.6,20530.9,20112.3,20873.1
18057,Indiana,IN,Hamilton,130980,32973.4,34891.6,37237.7,30768.7,4528.3,26109.4,23067.9,16630.1
18059,Indiana,IN,Hancock,165882,36863.9,41465.9,45902.3,41005,6124.9,38174.3,27249.9,20013.9
18061,Indiana,IN,Harrison,134889,8672.4,23355.3,4336.1,12034.8,4593.9,18308,10087.5,6326
18063,Indiana,IN,Hendricks,218485,34528,41078.3,44518.2,32341.4,4810.8,28990.6,30724.7,21275.3
18065,Indiana,IN,Henry,176564,18726.3,33886.3,48350.2,50082.4,6684.4,34999.5,26761.2,42115.5
18067,Indiana,IN,Howard,144203,37546.4,41371.3,42623.3,37377.9,5707.7,36157.5,26233,18770.8
18069,Indiana,IN,Huntington,188814,42058.5,36721.3,28450.6,35316.6,2822.3,34177.5,30045.7,33674.3
18071,Indiana,IN,Jackson,183838,23937.9,70289.9,11505.3,28269.2,11473.7,50967.5,25047.9,15886.6
18073,Indiana,IN,Jasper,282946,80279.6,81192.3,92424.8,75854.7,5202.5,87324.9,53974.1,63000.8
18075,Indiana,IN,Jay,175675,15783.2,32276.4,47266.3,46404.6,7555.3,32592.6,25811.2,41244.1
18077,Indiana,IN,Jefferson,95322,12948.9,7851.5,16704.7,5549.7,1514.4,11513.1,12516.5,8273.2
18079,Indiana,IN,Jennings,123401,25282.3,20791.4,40439.7,21726.2,2220.9,25018.7,26515.5,18876.1
18081,Indiana,IN,Johnson,144578,33378.8,33968.1,35449,29428.2,3994.1,26546.4,22001.6,15385.2
18083,Indiana,IN,Knox,329268,55005.3,73288.3,65893.9,55945.7,5445.9,57684.2,52688.9,47643.8
18085,Indiana,IN,Kosciusko,254739,28889.1,51809.7,54833.7,64856.6,3487.1,48536.2,39981.1,39577.1
18087,Indiana,IN,LaGrange,204089,38637.4,32527.7,24414.4,28810,1855.8,27829.1,24252,24905.3
18089,Indiana,IN,Lake,133137,34515.9,35397.8,40509.4,32714.5,2684.9,37109.5,20219.2,22237
18091,Indiana,IN,LaPorte,227831,64327.7,63054.7,72007.9,58670.9,4636.9,68065.5,38048.6,47664.6
18093,Indiana,IN,Lawrence,134538,5935.9,19313.1,2883,8072.6,3195.3,13229.7,7792.1,5026.5
18095,Indiana,IN,Madison,205061,47517.3,54429.2,57170.6,47637.2,7134,45562.3,37940.6,26448.5
18097,Indiana,IN,Marion,20038,6672.4,5212,5567.9,4212.6,600.7,3818,3118.2,1819.5
18099,Indiana,IN,Marshall,206412,27823.4,47206.6,52490.2,59914.5,2834.1,43720.9,34448.1,34034.7
18101,Indiana,IN,Martin,62532,7536.1,8577.8,8780.5,6597.8,638.3,6465.9,7570.7,6805.6
18103,Indiana,IN,Miami,175377,20407.8,39304,42154.6,44807.5,2991.2,32037.8,25296.8,24872.2
18105,Indiana,IN,Monroe,52772,1762.7,5763.1,957.2,2780.2,1130.9,3963,2528.9,1496
18107,Indiana,IN,Montgomery,286784,83271.6,67910.2,61707.8,57838.5,5252.3,72319.8,36662.5,48969.6
18109,Indiana,IN,Morgan,137288,26865.1,28959.3,30105.7,25857.3,3709,24105.6,19696.4,12907.3
18111,Indiana,IN,Newton,192071,63181.3,59022.8,56611.1,56722.8,3759.9,65025.9,34753.6,45758
18113,Indiana,IN,Noble,181427,36078.7,33493.1,26090.2,33127.2,2233.2,32368.5,28976.6,32682.6
18115,Indiana,IN,Ohio,21448,2154.1,1092.8,1835.6,1319,152.8,1314.8,1609.6,1234.8
18117,Indiana,IN,Orange,98160,6050.2,21883.1,3626.6,9805,3605.7,16153.7,9497.3,5900.2
18119,Indiana,IN,Owen,95430,15496.6,10938.4,9574.4,8864.8,924.1,11141,6705.2,8414.7
18121,Indiana,IN,Parke,176454,48856.7,36623.1,33270.1,30037.6,2986.5,41632.5,19045.2,26322.1
18123,Indiana,IN,Perry,66207,4202.6,9939,1571.3,4423.3,1804.9,8001.4,4494.6,3141.3
18125,Indiana,IN,Pike,80003,14897.7,19391.9,18340.8,10776.6,1486.2,13885.9,14513,14363.8
18127,Indiana,IN,Porter,120402,34055.8,34638.1,39855.9,33544.7,2726.1,39667.6,20378.2,24015.6
18129,Indiana,IN,Posey,228836,39447.8,48808.2,46890.2,38242.5,3875.6,41667.4,38578.3,35099.2
18131,Indiana,IN,Pulaski,216477,61383.7,60648.2,70965.8,55320.7,3995.7,60778.4,36281.4,42207.6
18133,Indiana,IN,Putnam,197751,48458.8,40043.2,34869.7,32573.6,3105.2,41384.2,20915.7,29795.4
18135,Indiana,IN,Randolph,241172,17477.6,39030.7,54794,59538.8,8512.4,40253.4,33154.3,57159.1
18137,Indiana,IN,Ripley,166570,35789.5,26723.2,52402.5,27493.3,2675.9,32080.3,29281.3,23124.9
18139,Indiana,IN,Rush,207653,57543.2,60604.9,65936.1,56523.4,8116.3,54455.8,44593.7,32945.8
18141,Indiana,IN,St. Joseph,152090,22100.2,38185.7,39280.8,45775.4,2123.7,33362,28180,24790.3
18143,Indiana,IN,Scott,51422,10103,7960.9,15588.8,4895.4,1053.6,9063,8429.6,5612.6
18145,Indiana,IN,Shelby,233141,54813.3,58885,63303,54128.9,7758.4,50265.2,43206,26764.6
18147,Indiana,IN,Spencer,170387,26108.5,35073.1,31240.5,17544.7,2527,25843.8,26397,23007.5
18149,Indiana,IN,Starke,133550,35693.6,34695.6,37200.8,30523,2110.4,35559,20115.3,22190.6
18151,Indiana,IN,Steuben,104539,25110.6,19634.9,15315.1,18163.2,1365.9,17932,17660.8,22106.8
18153,Indiana,IN,Sullivan,170267,30804.5,40785.8,37940.9,32936.8,3032.2,33246.5,32850.8,28621
18155,Indiana,IN,Switzerland,50558,4514.4,2221.8,3843.4,2976.6,345.4,3129.8,4721.9,2961.6
18157,Indiana,IN,Tippecanoe,219674,77373.2,60950.1,54131.5,47449.1,4318.1,62985.7,31588.8,40141.3
18159,Indiana,IN,Tipton,145236,38240.7,42755.2,46671.8,39738.5,5826.3,38384.7,29974.2,21574.3
18161,Indiana,IN,Union,74498,9296.8,14548.9,21609.3,21517.4,2691.2,14650.8,11478.3,18573.5
18163,Indiana,IN,Vanderburgh,76572,17990.2,22843.4,21252.5,13842.2,1595.3,16645.8,12717.5,11348.1
18165,Indiana,IN,Vermillion,118369,30950.9,22681.4,20299.8,16260.9,1141.3,18987.5,13306.4,17122.1
18167,Indiana,IN,Vigo,117492,41012.1,31625.7,27664.3,24775.9,2370.1,35074.8,16141.3,18627.5
18169,Indiana,IN,Wabash,197705,19739.6,39351.6,40818.2,46210.4,3638.8,34466.9,29237,28068.7
18171,Indiana,IN,Warren,175981,60295.4,51561.4,44454.6,42798.5,3709.2,55011.9,28111.7,38000.5
18173,Indiana,IN,Warrick,99498,16789.4,21682.6,20261.4,9886,1754.5,18013.6,16963.2,16421.4
18175,Indiana,IN,Washington,199572,10101,38621.3,6533.2,17371.4,7018.8,30129.6,19200.5,12498.2
18177,Indiana,IN,Wayne,155812,16347.3,28424.7,38557.6,40909.7,5629.2,28745.6,22499.1,38708.7
18179,Indiana,IN,Wells,200239,46482.8,44309.1,33211.3,42705.8,3279.5,40493.5,35145,38646.2
18181,Indiana,IN,White,288043,70237.4,71605,83950,69660.3,5365.6,82897.7,49837,58124.5
18183,Indiana,IN,Whitley,140026,32435.7,26948.6,21586.4,28883.6,2333.1,27914,26400.7,29417.6
19001,Iowa,IA,Adair,323528,29841.3,27149,42215.7,36667.2,6297.5,48726.8,25427.9,30233.9
19003,Iowa,IA,Adams,229266,14247.5,16645.2,24886.5,21974.9,4369.8,29531.6,16735.5,20697.2
19005,Iowa,IA,Allamakee,289171,40410,25247.6,26104.7,22750.6,1764.6,19568.8,18142.7,22439.8
19007,Iowa,IA,Appanoose,187778,3952,26583.9,15041.9,39162.2,7442,14853.8,12546.4,14693.6
19009,Iowa,IA,Audubon,280377,25499.3,21403.6,27059.1,19540.5,4830.1,24045.8,12150,21528
19011,Iowa,IA,Benton,422195,45151,62002.5,75100.3,69961,12011.7,60524.1,72870.9,47290.3
19013,Iowa,IA,Black Hawk,296922,78513.7,48454.1,52543.7,44481.3,1551,39844.1,30196.9,33988.7
19015,Iowa,IA,Boone,313499,28394.8,36956.1,44719,53164.1,4133.3,33722.7,32193.5,37602.6
19017,Iowa,IA,Bremer,271460,63335.4,39144,42032.2,36883,1298.9,32469.6,25468.8,29020.9
19019,Iowa,IA,Buchanan,342063,89626.1,52744.4,57615.4,51416.2,1743,46444.7,39336.1,44397.2
19021,Iowa,IA,Buena Vista,360946,33501.8,32147.6,33161.1,36014.8,2653.1,22183.8,10925.1,13482
19023,Iowa,IA,Butler,362748,21071.6,28467.9,32755.9,23696,1554.8,25136.5,26202.5,26477.2
19025,Iowa,IA,Calhoun,358137,40892,34522.6,43353.6,30492,6400.3,36203.3,19707.1,34407.7
19027,Iowa,IA,Carroll,358973,41367.6,32901.5,42033,29738.8,6610.1,37386.4,20157.4,36884.1
19029,Iowa,IA,Cass,289989,35339.9,31819.8,48407.6,42360.9,6549.9,56763.1,32704.9,37636.4
19031,Iowa,IA,Cedar,312617,41081.9,48766.9,59449.8,57069.8,9109.2,50236.1,59836.4,37918
19033,Iowa,IA,Cerro Gordo,326975,22587.8,30542.6,35783.7,25703,1400.2,27673.9,27228.7,27456.8
19035,Iowa,IA,Cherokee,337467,29505,28218.7,29001.6,31127.6,6139.5,18844.9,10071.6,12540.1
19037,Iowa,IA,Chickasaw,299238,68196.4,45355.6,46711.3,40432.3,1615.2,35836.6,29855.1,34516.4
19039,Iowa,IA,Clarke,168879,3279.2,26596.6,19595.6,36409.6,7584.2,16082.2,12675.5,16581.3
19041,Iowa,IA,Clay,318742,28821.2,28849.7,29609.1,32569.1,2945.1,20024.4,10643.6,12876.1
19043,Iowa,IA,Clayton,398091,77561.9,48914.7,49833.2,43821.7,1898,37331.9,32242.7,36199.5
19045,Iowa,IA,Clinton,417173,48283,62363,75402.6,72175.6,10042.2,62590.4,73784,47714.7
19047,Iowa,IA,Crawford,450682,45166.9,35775.5,45706.9,32945.2,8275.7,41935.2,21365.6,42674.7
19049,Iowa,IA,Dallas,306481,27319.7,34278.3,40498.2,47559.1,4287,30981.7,26720.6,31217.5
19051,Iowa,IA,Davis,214053,6362.9,12362.5,15720.3,23227.9,1364.7,24546.5,20454.8,24914.3
19053,Iowa,IA,Decatur,231475,4089.7,24179.5,23011,38335.2,8779.8,16608.5,10865.2,15789.3
19055,Iowa,IA,Delaware,365671,97709,58744.5,62530.6,55190,1650.9,50034.6,41664,48040.6
19057,Iowa,IA,Des Moines,172579,33351.6,26435.2,35499,44649,1247.5,45360.4,34746.3,35292.5
19059,Iowa,IA,Dickinson,187276,17181,17387.3,18147,19563.8,2016.3,11901.6,6119.3,7981.7
19061,Iowa,IA,Dubuque,291594,65460.4,42898.5,44732.4,39613.9,1770.5,35555.3,29972,36187.2
19063,Iowa,IA,Emmet,218906,22046,22929.3,23129.5,25899.8,2103.1,15063.9,7644.5,10292.8
19065,Iowa,IA,Fayette,388684,103146.5,63134.8,65362.4,56379.3,2242.4,50764,40095,43872.8
19067,Iowa,IA,Floyd,317841,18092,26050.2,30135.7,21285.5,1308.5,22120.3,22914.5,23664.7
19069,Iowa,IA,Franklin,355329,24654.1,32829.2,38961.1,27976.6,1509.6,29988.2,30582.1,33110
19071,Iowa,IA,Fremont,287538,25417.5,28916.7,44010.7,40005.4,5610.1,50233.5,24971.9,30994.4
19073,Iowa,IA,Greene,356889,39512,32674.2,40974.5,29078,6608.5,35825.3,18889.5,33893.6
19075,Iowa,IA,Grundy,317975,32835.8,40521.7,49196,57813.6,4349.6,36564.2,30109.9,37204.9
19077,Iowa,IA,Guthrie,327723,27223.4,22022.6,27236.3,20014.5,6854.3,24448.5,12347.3,22606.2
19079,Iowa,IA,Hamilton,327040,33997.2,43226.5,52130.5,61928.9,4583.1,41246.1,38577.7,44675
19081,Iowa,IA,Hancock,353383,22945.9,32238.3,37868.7,26333.6,1235.3,27505,28735.6,31826
19083,Iowa,IA,Hardin,332295,36053.8,42445.3,51295.2,63084.4,4969,43356.7,35824,43121
19085,Iowa,IA,Harrison,393798,39770.9,32052,40560.7,29275.7,7884.5,36541.6,19455.5,34446.9
19087,Iowa,IA,Henry,269604,35852,29720.6,37663.5,52007.7,1502.8,52112.1,36798.1,39478.8
19089,Iowa,IA,Howard,299850,57565.6,39477.2,40450.1,34772.9,1522.3,33249.8,27381,29481.1
19091,Iowa,IA,Humboldt,234904,17397.7,24899.8,29429.4,20644.7,1012.8,20724,20168.7,22923
19093,Iowa,IA,Ida,260976,30150.1,23239,29416.9,21716.8,5014.2,26413.4,13309.5,25223.5
19095,Iowa,IA,Iowa,335922,29875.5,39770,45794.7,44819,9040.3,37115.6,44124.3,30060.9
19097,Iowa,IA,Jackson,308962,26126.5,32680.5,37990.1,36707.8,11024.4,31880.5,40671,30079.7
19099,Iowa,IA,Jasper,373506,33410.9,41611.3,50741.1,59979.1,5773.2,38341.6,32781.3,39375.9
19101,Iowa,IA,Jefferson,198180,21359.5,23369.2,23276.3,40784.9,1325.3,42120.9,32120.9,37510.2
19103,Iowa,IA,Johnson,328540,26187.9,37535.7,44010.8,40856.8,7184.9,34305.6,40387.4,27186.6
19105,Iowa,IA,Jones,313858,37377.7,48004.2,56895.2,53538.4,8569.5,46966.7,58511,35815.4
19107,Iowa,IA,Keokuk,295427,46186.4,36231.9,44101,62492.9,1973.6,66720.5,55395.1,59511.3
19109,Iowa,IA,Kossuth,599513,41565.7,59147.4,69295.2,48557.5,2416.4,49113.5,47633.4,53438.3
19111,Iowa,IA,Lee,235832,26623.9,28325.3,35503.1,47353.6,1500.9,47816.5,33823.7,38628.4
19113,Iowa,IA,Linn,339064,35188.8,48380.1,58701.4,55626.1,9739,47214.3,55554.1,37380.9
19115,Iowa,IA,Louisa,168422,40127.3,27866.5,36619.2,46853.1,1262.1,49603.4,38489.1,43072.7
19117,Iowa,IA,Lucas,177202,3855,21379.7,15106.6,30711.1,6626.3,12475.5,10242.8,14392.7
19119,Iowa,IA,Lyon,369702,32391,31030,32575,35245.3,4671.5,20831.5,12169.6,14388.6
19121,Iowa,IA,Madison,276105,17845.2,56483,53844.9,82956.1,12400.4,32375.6,25463.1,29779.7
19123,Iowa,IA,Mahaska,322971,57858.6,42717.1,60354.6,74140.7,2082.5,75405,60296.6,67609
19125,Iowa,IA,Marion,264736,18967.8,65176.8,60969.3,97640.5,12137.5,37272.7,29088.1,33416.6
19127,Iowa,IA,Marshall,312541,29114.9,36327.9,44017.5,52014.1,4389.5,33454.2,29046.3,35568.9
19129,Iowa,IA,Mills,206329,25198.6,25547,39187.7,34451.4,4689.3,44458.4,23079.8,26887.1
19131,Iowa,IA,Mitchell,296342,18607.5,26377.3,30487.3,21786,1380.5,21644.4,23508.4,26163.7
19133,Iowa,IA,Monona,338040,37820.2,33595.2,41932.4,29672.6,7490.9,36738.2,18613.6,34736
19135,Iowa,IA,Monroe,195137,4013.5,23853.9,13259.4,36369.1,6671.9,13715.3,10063,13628.7
19137,Iowa,IA,Montgomery,244822,22918.1,22989.6,35559.2,31781.4,4992.8,41929.6,21504.8,26156.3
19139,Iowa,IA,Muscatine,215013,23331.2,31173.7,36697.1,34417.1,5697.1,29839.7,34523.9,21983.2
19141,Iowa,IA,O'Brien,304396,32316.2,31414.3,31713.3,34909,3494.1,20713.1,10904.7,13344.2
19143,Iowa,IA,Osceola,238319,22893.5,22534.4,22746.2,25125.9,1191.5,14850.2,7769.6,10499.3
19145,Iowa,IA,Page,317029,24211.3,26203.1,39795,35138.4,5934.1,47105.8,26110.7,29989.6
19147,Iowa,IA,Palo Alto,358705,30075,31260.8,31527,35606.3,1780.8,21528.6,12133.4,14712.5
19149,Iowa,IA,Plymouth,541718,44045,42849.5,44444.6,49692.6,8222,28690.2,15656.4,17895.4
19151,Iowa,IA,Pocahontas,332121,34088.4,34415.6,35221.5,37903.5,1581,22787.1,11746.1,15238.2
19153,Iowa,IA,Polk,197119,18761.6,23297,28058.2,32917.6,2817.6,21866.7,16396.4,18315.2
19155,Iowa,IA,Pottawattamie,532914,65929.7,58471.6,91156,78262.1,10723.3,100729.2,55191,66844.4
19157,Iowa,IA,Poweshiek,334292,24570.7,31896.5,38529.6,45306,4671.1,29727.7,27643.6,33595.2
19159,Iowa,IA,Ringgold,269720,6494,37992.4,36241.4,56180.4,9817.8,21452.4,18709.3,23023.7
19161,Iowa,IA,Sac,356973,40355.4,32386.7,40296.4,27298.1,6223,35392.9,18473.7,32590.6
19163,Iowa,IA,Scott,220468,30897.7,37508.1,45713.4,44174,5666,37806,41097.1,26809.5
19165,Iowa,IA,Shelby,372427,44790,32489.6,40736.1,28982.2,6357.2,34820.4,19212.4,32762.6
19167,Iowa,IA,Sioux,484071,49279.2,46888.4,48395.7,53333.5,5107.7,31977.1,15903.9,23933.7
19169,Iowa,IA,Story,306040,32051.7,40053.2,48849,59629.1,4534.2,39026.4,31902.9,37981
19171,Iowa,IA,Tama,402843,35124.8,41294.8,49122.4,59231.1,5476.5,39153.9,32095.1,39084.1
19173,Iowa,IA,Taylor,278461,11162.4,17600.3,28124.5,23836.8,4743.5,31239.1,18519.1,24579.7
19175,Iowa,IA,Union,214466,10652.8,45234.6,41583,65752.4,10045.2,25672.8,19303.7,22604.4
19177,Iowa,IA,Van Buren,213470,6916.8,14813,17245.2,27496.3,1219.6,28690.4,22611.4,24197.1
19179,Iowa,IA,Wapello,188766,16073.3,20108.9,21973.1,34029.8,1226.5,36335.2,25952.8,28968.6
19181,Iowa,IA,Warren,263675,18323.6,59151.5,53084.6,84928.7,12005.8,35142.6,24885.6,27699.5
19183,Iowa,IA,Washington,314536,58840.2,40492.4,54381.7,71044.8,1939.2,70256.2,57703.5,59089.8
19185,Iowa,IA,Wayne,273744,4408.6,39697.7,29102.3,59981.1,9337.2,22014,19653.7,27007
19187,Iowa,IA,Webster,409021,37219.3,49463.1,59722.9,69265.2,5316.8,46532.7,40818.6,48180.4
19189,Iowa,IA,Winnebago,235551,17697.4,24394.3,27818.7,19470.2,921.3,20290.9,18736,21717.4
19191,Iowa,IA,Winneshiek,376163,71873.2,48181,50653.8,43698.8,1998.7,37306.4,31688.6,40683.4
19193,Iowa,IA,Woodbury,445805,46440.8,37922.8,48106.1,35333.4,9255.3,46164.6,22402.6,43965.1
19195,Iowa,IA,Worth,234824,15209.1,21431,24470.3,17522.4,975.7,17627.2,18219.9,18692
19197,Iowa,IA,Wright,359583,23218.9,33161.5,39479.4,28147.3,1329.4,28188.4,26580.8,29951.2
20001,Kansas,KS,Allen,245265,26282.5,17915.7,14355.2,12522.3,1589,15082.1,13290.3,9849.4
20003,Kansas,KS,Anderson,366151,18514.6,25693.4,28368.5,33150.2,3392.3,28972.2,17021.1,43187.6
20005,Kansas,KS,Atchison,220485,23721.4,26187.9,26877.4,33216.5,4912.2,39122.5,31139.8,33291
20007,Kansas,KS,Barber,590809,7434.5,8119.3,7382.3,9497.7,14393.9,4093,6796.9,5132.5
20009,Kansas,KS,Barton,566092,39822,40355,40640.5,39552.9,9309.7,50610.1,38580.2,49891.8
20011,Kansas,KS,Bourbon,334308,12769.7,9638.7,5626.2,5712.5,2232.1,5277.4,5522.2,4283.5
20013,Kansas,KS,Brown,294843,43856.5,51769.2,53845.2,64401.4,7923.6,70736.3,56749.5,64288
20015,Kansas,KS,Butler,767779,58457.5,52437.9,44211.2,41863.1,6374.1,44816.1,33153.4,22295.1
20017,Kansas,KS,Chase,392342,6986.1,5827.2,6915.1,10499,3791.8,7542.8,2474.4,5796.3
20019,Kansas,KS,Chautauqua,310343,3653.2,4400,1675,3092.7,3785.5,2181.4,992.7,708.6
20021,Kansas,KS,Cherokee,308355,33931.3,24954.5,20168.7,19068.7,1259.2,26438.1,23705.5,15558.3
20023,Kansas,KS,Cheyenne,546334,22417,36204.1,14329.6,14965.1,7945.6,8687.9,8401,33652.6
20025,Kansas,KS,Clark,503380,1699.4,14940.5,5941.5,7612,5212.3,7182.6,3250.3,13744.1
20027,Kansas,KS,Clay,362606,41826.2,46780.1,29884.4,37777,7882.1,31395.1,23447.4,35287.9
20029,Kansas,KS,Cloud,321846,50227.7,46407,35520.6,44262.2,9357.8,39646.1,28649.2,37995.7
20031,Kansas,KS,Coffey,329390,17985,23269,26326.6,25601.9,3289.6,21003.3,11246.1,27734.3
20033,Kansas,KS,Comanche,484834,8575,7647.5,7601.4,7583.2,9354,4578.2,4655.6,9659.4
20035,Kansas,KS,Cowley,574216,40424.6,34591.3,30628.7,32197.5,6057,31433.4,22743.5,12096.1
20037,Kansas,KS,Crawford,323092,45492.4,26169.6,21066.8,16989.9,1934.7,25230,18630.9,14638.8
20039,Kansas,KS,Decatur,462627,31659.3,65846.5,24272.3,28788.4,7131.1,15125.4,11263.5,40409.1
20041,Kansas,KS,Dickinson,510137,33506.8,37346.4,34169.5,32757.2,4512.8,34330.3,26204.7,26353.8
20043,Kansas,KS,Doniphan,179550,34373.5,33228.3,34922.7,46613.7,5129.9,52014.4,39057.3,48659.8
20045,Kansas,KS,Douglas,210636,12387,15690.8,14297.5,21439.2,1663,15011.1,8870.6,24673
20047,Kansas,KS,Edwards,394430,74185,27418.8,35807.6,45659.2,11327.9,29389.1,46823.2,35398.9
20049,Kansas,KS,Elk,316256,4397.1,6396.3,3581.9,4465.3,3561.2,3669.1,2618.2,1407.3
20051,Kansas,KS,Ellis,496463,15298.8,21639,18757.2,15935.3,8388.9,17266.4,20996.2,29610.4
20053,Kansas,KS,Ellsworth,381174,15262.5,17545.6,15064.4,17540.8,4506.4,13202.2,12624.2,17054.2
20055,Kansas,KS,Finney,815757,20730.3,69076.3,75153.8,67221.7,22633.4,92092.8,57868.9,124582.8
20057,Kansas,KS,Ford,699378,14567.5,59693.3,59085.1,49045.2,17669.9,64888.8,36756.2,87893.8
20059,Kansas,KS,Franklin,361902,16244.8,20167.1,20468.9,24520.4,2728.1,18387.7,12129,32502.9
20061,Kansas,KS,Geary,145742,9433.1,7679.4,9061.4,8492,1588.8,7985.4,4915.5,11921.7
20063,Kansas,KS,Gove,578871,21847.9,38237.1,68085.1,49758.4,15396.2,31333.9,124208.2,71969.3
20065,Kansas,KS,Graham,483048,18382,58690.4,18264.9,36222.5,7146.1,23675.2,25125.5,37779.9
20067,Kansas,KS,Grant,363457,13149.8,35458.2,44278.2,34334.6,10844.4,42782.4,15337.9,56873.6
20069,Kansas,KS,Gray,547177,20461.8,65799.5,80768.5,65110.3,17937.6,85878.6,46300.2,110353.7
20071,Kansas,KS,Greeley,497182,18797.6,24708.4,50799.4,38808.4,15562.7,19063.2,56887.3,68766.1
20073,Kansas,KS,Greenwood,700977,8241.7,11534.2,6494.3,7398.2,6385,6775.2,4661.8,3165.4
20075,Kansas,KS,Hamilton,635217,5471.7,31166.5,31727.1,20271.4,11419.1,24721.8,18042.1,37203.5
20077,Kansas,KS,Harper,506145,9958.2,9544.6,13109.7,12221.8,9252.9,6610.2,5416.6,9191.7
20079,Kansas,KS,Harvey,339571,38050.3,38808.1,40541.7,46425.6,9294.6,32521.8,39823.3,28247
20081,Kansas,KS,Haskell,363699,19420.8,49317.9,85859.7,56108.6,14010.6,78760.6,34951.6,103937.7
20083,Kansas,KS,Hodgeman,542689,6748.4,30434.4,20616.4,16832.5,9259.7,18544.4,14829.2,36966.3
20085,Kansas,KS,Jackson,329264,15216.1,16082.7,19093.5,19945.7,5736.1,21751.9,17362.6,21060.1
20087,Kansas,KS,Jefferson,243706,19321.7,20554.3,21564.9,24900.1,4784.3,27489.4,21719.5,24814
20089,Kansas,KS,Jewell,463478,49423.4,45726.8,40827.2,46550.9,10804,43834,33639.9,49670.8
20091,Kansas,KS,Johnson,99389,5481.5,7869,7281.6,10464.7,1100.8,7648,4625.2,10790.2
20093,Kansas,KS,Kearny,546561,11022.6,40197.4,44895.5,36680.5,14300.2,51877.9,25797.2,71241.8
20095,Kansas,KS,Kingman,542053,16302.3,12293.8,11030,15139.3,10517.6,7877.1,8192.2,11296.3
20097,Kansas,KS,Kiowa,455089,32352.2,15760.3,19835.2,26257.2,9827.5,15775.2,23227.1,18132.7
20099,Kansas,KS,Labette,370450,30790.3,22117.1,20607.2,18503.4,2540.6,23468.3,18725.3,13064.9
20101,Kansas,KS,Lane,452257,15674.9,25967.3,49449.9,28691.6,13951.1,21463.1,40109.3,72236.8
20103,Kansas,KS,Leavenworth,184787,10724.8,10551,12155.1,13519.7,2693.7,15350.6,8386.2,9780.3
20105,Kansas,KS,Lincoln,397336,17628,20329.5,21382.4,19133.8,4456.3,17290.9,18620.4,24285.5
20107,Kansas,KS,Linn,354719,9802.5,9583.6,9843.9,11677.8,2043.9,9901.7,5652.8,18304.4
20109,Kansas,KS,Logan,566540,11858.3,25445.8,52663.2,31762.9,16559.8,20984.4,89387.6,63677.8
20111,Kansas,KS,Lyon,534792,26999.1,22352.2,21752,23630.5,4216.4,18982.1,11445.9,28997.4
20113,Kansas,KS,McPherson,571446,42660.1,44804.7,42596.5,46239.9,5706.7,48683.5,33594.5,37055.1
20115,Kansas,KS,Marion,596489,44090.5,43437.5,37882.5,42961.7,4812.1,48079.3,32777.2,35771.3
20117,Kansas,KS,Marshall,438419,62540.3,58683.6,85699.9,69430.2,15378.7,73336.5,53472.9,61056.2
20119,Kansas,KS,Meade,617835,13720,43815.3,56372.4,45804.7,11883.9,58174.5,26735.3,90288.9
20121,Kansas,KS,Miami,295844,9220.2,10492.5,13319.6,15071.9,2087.6,12291.1,6783.4,18115.1
20123,Kansas,KS,Mitchell,438816,43539.5,45060.5,42564.9,44766,10755.1,42370.5,32959.5,47100.6
20125,Kansas,KS,Montgomery,335664,27547.8,17931.4,14809.4,12017.1,2209.7,19157.5,13205.7,10613.8
20127,Kansas,KS,Morris,388905,22500.5,17634,25195.1,20352.5,4068.2,19191,11005.9,26124.6
20129,Kansas,KS,Morton,456752,9211.9,33695.9,25973.9,26115.2,9931,37398.3,17969.8,49996.6
20131,Kansas,KS,Nemaha,382474,52727.7,51113.4,63305.8,59067.1,9766.3,63911.7,49374.3,62301
20133,Kansas,KS,Neosho,307955,22147.2,17990,14729.4,12564.8,2032.7,17940.2,13992,10631.4
20135,Kansas,KS,Ness,678202,11082,27503.8,45378.9,26893.2,17393.5,20206.5,35525.6,68819.8
20137,Kansas,KS,Norton,502381,25849.7,67759.7,25214.8,35560,7870,20484.2,14661.5,32334.3
20139,Kansas,KS,Osage,442049,22369.5,25055,27213.5,26605.7,3163.4,25234.6,13992.9,38798.5
20141,Kansas,KS,Osborne,439826,32892.6,35447.6,27628.9,30996.4,9891.7,30341,28480.9,38674.7
20143,Kansas,KS,Ottawa,419753,18157.4,19152.6,17428.8,18100.6,8227.8,18172.1,20505.3,25251.8
20145,Kansas,KS,Pawnee,480314,41900.9,29979.1,34546.6,33574.8,13173.3,28954.8,42731.9,38166.6
20147,Kansas,KS,Phillips,494953,34152,56235.1,28458.9,33994.4,10958.8,28925.7,28184.2,52243.9
20149,Kansas,KS,Pottawatomie,409494,21964,19751.2,25110.6,23109.8,8266.9,24222.4,20127.9,23381.4
20151,Kansas,KS,Pratt,464309,68976.8,27222.9,26992.6,53290.7,12365.3,28019.7,45547.6,29281
20153,Kansas,KS,Rawlins,609139,21224.3,56659.1,20865,32548.5,8058.3,17640.8,15924.3,46827.7
20155,Kansas,KS,Reno,789761,42028.1,44506.1,46211.5,50572.8,16186.3,33431.5,38387.3,36143.4
20157,Kansas,KS,Republic,360866,78175.7,98540.3,44803.7,73678.1,8470.1,40120.8,26359.2,62304.2
20159,Kansas,KS,Rice,457352,40400,40691,35714.9,43147.7,6262.5,48443.5,30113.8,40168.1
20161,Kansas,KS,Riley,218133,17101.3,15096.4,23611.6,18805.8,5823,17190.3,12312,9767.6
20163,Kansas,KS,Rooks,551136,24770.1,40466.6,28847.1,24500.2,10159.1,24272.7,32627.3,43199.2
20165,Kansas,KS,Rush,452937,18176.9,26568.2,31205.8,23825,8716.1,25541,27089.4,30659
20167,Kansas,KS,Russell,435614,16670.5,21468,20085.1,21941.7,6323.4,17320.3,19519.1,25156.3
20169,Kansas,KS,Saline,364608,15959.3,17890.2,17190.3,16342.8,3064.5,14204.6,16393.3,20377.4
20171,Kansas,KS,Scott,453284,30081,43417.4,78835,78398.8,21339.4,41675.6,115614.5,101459.3
20173,Kansas,KS,Sedgwick,486457,41172.2,41061.9,42417.2,49669.5,11928,32855.9,37792.5,32418.7
20175,Kansas,KS,Seward,401808,11864.4,32914,47122,40330.5,10831.5,54631.1,24028.8,67913.2
20177,Kansas,KS,Shawnee,194270,16161,21521.5,20427.3,24608.1,1820.9,18949.9,12131.1,31350.2
20179,Kansas,KS,Sheridan,561944,46647.3,122926.2,41584.2,39404.7,8981.5,23758,17824.4,51839.6
20181,Kansas,KS,Sherman,594775,34170.2,92934.8,28867.1,29731,9902.4,15206.1,13916.7,66367.6
20183,Kansas,KS,Smith,500313,49628.9,49113,38863.1,37792.8,10394.7,39773.8,35905.4,65057.2
20185,Kansas,KS,Stafford,498798,69494,26401.4,32498.2,47046.3,10951.7,28933.8,47472.5,29192.9
20187,Kansas,KS,Stanton,429329,12683.9,41395.8,58302.1,38203.5,13165.1,58546.4,27083.5,75945.4
20189,Kansas,KS,Stevens,455674,19288.3,63293.4,87180.9,67640.2,18355.2,102551.3,41137.7,113711.2
20191,Kansas,KS,Sumner,719945,26305.9,60368.6,63600.4,52351.6,17382,39864.9,44900.8,46175.9
20193,Kansas,KS,Thomas,674731,47511.4,141811.3,51715.5,51427.5,11563.1,30518.2,24806.4,72421.8
20195,Kansas,KS,Trego,446872,9597.9,21767.6,27599.6,30553.5,12070.4,20589.9,51919.5,70798.9
20197,Kansas,KS,Wabaunsee,396545,14240.7,14261.4,16636.9,17652.8,4623.7,13723.6,8936,19355.8
20199,Kansas,KS,Wallace,487671,23445.7,20537.9,27558.1,55221.1,10966.9,14730.1,76975.5,53837.3
20201,Kansas,KS,Washington,490185,67418.9,83168.3,49948.3,63861.7,11277.4,47379.5,36108.3,57213
20203,Kansas,KS,Wichita,463561,26059.5,31822,58359.5,59526.6,17091.1,28608.9,86320.8,71129.4
20205,Kansas,KS,Wilson,254817,27478.3,23283.3,20692.8,19892.2,2175.6,24593.6,15929.6,12781.6
20207,Kansas,KS,Woodson,294709,20209.2,16550.1,11570.9,9405.9,2094.5,11008.5,10208,6841.6
20209,Kansas,KS,Wyandotte,12031,1382.2,1381.2,2039.2,1469.9,308.8,1688.5,907.9,968.9
29001,Missouri,MO,Adair,273041,3917.5,9688,8164.8,8482.8,846.2,6592.6,5981,12597.5
29003,Missouri,MO,Andrew,198552,21624.7,34260,31916.5,39272.8,2186.7,31388.9,24965.1,34674.7
29005,Missouri,MO,Atchison,263047,53872.3,80965.6,79673.2,92165.4,4221.3,76083.3,64642.4,78561
29007,Missouri,MO,Audrain,436385,35980.4,49751.8,58819,68102.3,7078.4,60632,35280.4,66758.2
29009,Missouri,MO,Barry,267967,159.7,1210.5,936.6,1319.9,13049.3,1380.4,3120.5,4757.9
29011,Missouri,MO,Barton,332232,4144.1,29054.7,26593.8,31690.2,9719.8,22543.4,45267.7,27818.3
29013,Missouri,MO,Bates,448197,30980.8,29751.8,21548.1,17556.1,5050.7,33471.9,23633.8,30935
29015,Missouri,MO,Benton,240614,4525.2,7216.5,5871.5,7862.9,1078.3,7593.6,5726.7,7793
29017,Missouri,MO,Bollinger,200102,4063.6,9539.4,691.3,7277.3,2042.8,4935.6,2938.7,5606.6
29019,Missouri,MO,Boone,240874,4349,16487.1,13274.2,20740.6,1435.6,16002.2,10472.1,12038
29021,Missouri,MO,Buchanan,188795,20952.9,29865.8,28396.1,34484.9,1832.3,26984.9,23606,29338.3
29023,Missouri,MO,Butler,234298,17948.7,6790.4,10538.9,9405.3,6217.6,14042.6,10309.1,11915.1
29025,Missouri,MO,Caldwell,244510,12387.4,15914.1,11547.1,15723.7,1299.8,11590.9,9504.1,9899.8
29027,Missouri,MO,Callaway,316205,8453.8,20788.3,16346.7,21079.9,1748.2,15284.8,13067.7,18569.6
29029,Missouri,MO,Camden,138552,101.4,478.7,233.6,356,432.4,289.2,236,74.8
29031,Missouri,MO,Cape Girardeau,252889,17707.1,12867,20396.3,11291.7,4457.4,24863.5,20234.5,15875.2
29033,Missouri,MO,Carroll,431665,33918.4,48331.5,47693.9,51282.4,2691.1,36481.8,34629.9,54087.6
29035,Missouri,MO,Carter,73709,35.8,0,0,0,424.7,0,42.3,0
29037,Missouri,MO,Cass,319202,14903.6,17762.1,14925.2,11240.1,2929.2,19017.6,12244.6,14966.4
29039,Missouri,MO,Cedar,189793,1028.4,2406.5,1586.6,1377.5,1841.4,1612.5,1230.7,1617.3
29041,Missouri,MO,Chariton,406236,42977.8,44444.1,42695.7,46666,2521.4,32902.2,30584.3,47225.6
29043,Missouri,MO,Christian,179326,154.7,770.3,600.5,656.8,7301.8,363.9,828.8,785.9
29045,Missouri,MO,Clark,240950,12093.8,30326.2,26767.7,41705.1,5110.6,40662.4,18671.9,30842.3
29047,Missouri,MO,Clay,110709,5982.1,6116.5,4709.5,5323.8,724.1,4746.5,5821.6,6927.1
29049,Missouri,MO,Clinton,191715,15883.9,21961.7,21377.4,23825,1639.8,18850.6,17321.6,20974.4
29051,Missouri,MO,Cole,176400,2031.8,5590.2,3769.3,4947,666.9,3290.4,2273.9,3060.5
29053,Missouri,MO,Cooper,307233,9797.7,31008.3,22114.3,33061.5,1872.9,25025.7,19847.9,28298.8
29055,Missouri,MO,Crawford,194361,779.4,1019.2,504.2,367.2,632.2,507.1,883.7,669
29057,Missouri,MO,Dade,245554,1467.7,6995,4711.6,9295.9,13746.2,6634.4,12724.9,9144
29059,Missouri,MO,Dallas,218058,510.2,788.4,476.1,635.8,623.5,354.3,535.8,730
29061,Missouri,MO,Daviess,315080,14085,22453.1,17954.6,22631.4,1982.5,18520.4,18341.3,24301.8
29063,Missouri,MO,DeKalb,242971,13677.6,20505.2,16704.4,22204.8,1491,15529.4,14214.9,21740.4
29065,Missouri,MO,Dent,187889,27.7,197.6,11.4,138.4,1569.2,65.1,189.9,79.8
29067,Missouri,MO,Douglas,254110,223.1,326.9,35.7,346.3,2499.2,223.5,336,226.9
29069,Missouri,MO,Dunklin,279811,12712.5,6502.5,10049.5,9418.5,10286.9,12196.1,14113.3,23804.6
29071,Missouri,MO,Franklin,291715,6198,17499.9,9934,16556.9,5740.9,11791.9,19691,27039
29073,Missouri,MO,Gasconade,208930,2810.6,7276.2,4418,5131.1,2137.7,3825,6972.6,15548.9
29075,Missouri,MO,Gentry,253180,12323.4,22323.4,18574.1,20976.4,1703.4,18697,17074.9,17457.8
29077,Missouri,MO,Greene,210483,181.9,1246.2,854.3,840.9,9539.7,461.7,1260.7,1389.9
29079,Missouri,MO,Grundy,203922,11165.6,14269.6,16893.5,17133,1152.3,13908.4,13753.1,14429
29081,Missouri,MO,Harrison,400903,12279.5,31002.4,22890.3,31440.3,2481.1,26344.8,24553.3,41037.4
29083,Missouri,MO,Henry,357727,21807.2,19981.6,14056.1,10286.1,3477.1,15749.6,10258.7,10513.2
29085,Missouri,MO,Hickory,181729,863.7,1485.4,1217.4,2029.1,515.7,1611.7,1694.4,3353.1
29087,Missouri,MO,Holt,200179,41823.3,65096.4,63372.8,77150.5,3410.5,60242.3,42386.3,61597.1
29089,Missouri,MO,Howard,243393,6073.5,24227.4,16705.7,24924.9,1359.9,19442,13229,19718.5
29091,Missouri,MO,Howell,353689,534,473.2,75.4,469.8,3812.9,219.3,544.8,779.7
29093,Missouri,MO,Iron,70434,78.5,11.2,0.7,10.1,421.4,6.3,47.8,0
29095,Missouri,MO,Jackson,111031,6367,11079.5,9708.5,6831.5,1389.3,11394.3,7189.9,10106.1
29097,Missouri,MO,Jasper,246810,1927.5,11556.2,9828.8,12851.1,11761.9,8897.7,23003.6,15287.8
29099,Missouri,MO,Jefferson,97498,1214,3991,2529.7,3488,1313.8,2859.2,3956.9,4150.5
29101,Missouri,MO,Johnson,390625,19494.3,25089,18124.8,13653.3,3963.4,22800.8,14272.2,18983.7
29103,Missouri,MO,Knox,280954,8611.6,20581.2,20052.2,28284.7,6106.6,30792.5,14403.1,36492.8
29105,Missouri,MO,Laclede,320073,631.3,1619.8,1067.3,1509.2,952.2,2294.1,2392.8,3256.1
29107,Missouri,MO,Lafayette,326987,30157.6,60181.4,47601.4,33600.2,4814.7,58714.4,38012.8,45903.9
29109,Missouri,MO,Lawrence,311251,954,4007.3,3101.4,4024.1,13114.8,3420.9,8924.1,7552
29111,Missouri,MO,Lewis,284116,17825.2,30780.7,27029.6,42245.5,5317.6,40944.5,19227.2,40305.9
29113,Missouri,MO,Lincoln,281100,17273.3,48004.2,30234.9,40240.2,13398.1,27278.8,41363.8,66003.9
29115,Missouri,MO,Linn,335668,10264.7,15152.9,12680.1,12282.2,1023.2,8955.8,10650.9,23768.6
29117,Missouri,MO,Livingston,283450,12097.3,20474.2,17470.4,18810.3,1742,15574.2,13833.5,29461.8
29119,Missouri,MO,McDonald,186444,52.1,758.8,649.6,754.4,9225.6,487.2,1234.3,692.4
29121,Missouri,MO,Macon,386118,12235.5,16044.3,14579.8,15384.7,1296.2,11709.5,13520.9,22300.7
29123,Missouri,MO,Madison,106946,393.9,155.5,23.8,103.7,569.9,74.8,122.4,126
29125,Missouri,MO,Maries,241483,603.5,1937.7,910.6,1296.3,730.9,1078.3,1340.2,1321.3
29127,Missouri,MO,Marion,221468,21529.6,29256.6,27164.8,41264,4511.1,39309,17898.2,40271.5
29129,Missouri,MO,Mercer,226845,6273.7,9666.2,6237.5,9712,668.2,7863.7,7764,12554.8
29131,Missouri,MO,Miller,248415,825.2,2335.4,1470.3,2151,755.1,1666.2,1692.7,1839.6
29133,Missouri,MO,Mississippi,244974,35495,25755.2,43800.7,27869.6,8129.6,52347.3,34220,21833.2
29135,Missouri,MO,Moniteau,235070,4848.6,11545.4,8266.6,11670.7,1033.7,8406.6,5452.8,7962.7
29137,Missouri,MO,Monroe,355639,17419.5,27107.3,31843,40518.7,6942,37799.1,19841.9,40536.6
29139,Missouri,MO,Montgomery,279080,14485.5,44160.8,30429.1,41012.1,13874.5,30595.6,45551.8,47765.7
29141,Missouri,MO,Morgan,198126,2470.8,7341,4874.9,6524.5,833,4027.4,3700.7,5078.8
29143,Missouri,MO,New Madrid,344654,38849.5,26250.8,43642,32800.4,13446.8,49818,38809.5,29806.7
29145,Missouri,MO,Newton,247902,456,2123.1,1658.5,2110.3,10585.7,2112.1,7793.5,6925
29147,Missouri,MO,Nodaway,423749,44347.8,78699.9,71183.5,83915.6,4743,68578.4,57923.9,66809.5
29149,Missouri,MO,Oregon,253746,136.8,0,0,0,2332.9,0,209.3,0
29151,Missouri,MO,Osage,283391,3128.7,8800.1,6206.6,8478,1170.8,6444.2,4716,5464.9
29153,Missouri,MO,Ozark,228855,451.8,49.7,16.4,47.1,2923.2,10.4,218.1,0
29155,Missouri,MO,Pemiscot,305126,13607.6,10584.5,14815.1,18147.4,8988.4,15842.9,10242.4,12302.4
29157,Missouri,MO,Perry,226476,11076.9,25297.3,16141.8,24477,8613.4,18373.9,25384.9,24663.4
29159,Missouri,MO,Pettis,419594,16460.1,36015.7,28809.4,40945.4,2552.9,36225.8,23776.2,32867.2
29161,Missouri,MO,Phelps,157357,350.2,770.6,383.9,449.6,594,233,195.7,128.3
29163,Missouri,MO,Pike,361715,25495.7,33559.7,33142.4,41322.1,6635.6,41143.8,21693.8,36223.7
29165,Missouri,MO,Platte,153018,19884.5,24932.7,23768.7,30621.2,1676.6,23519.8,19107.5,24147.2
29167,Missouri,MO,Polk,336371,1084.7,2414.7,1514.8,2004.1,1218.4,1805.8,2032.1,3054.4
29169,Missouri,MO,Pulaski,112396,235.7,678,404.2,504.5,391,296.1,275.5,308.5
29171,Missouri,MO,Putnam,292677,3427.6,8157.1,4185.8,8620.9,629.1,5353.3,6356.7,12283.8
29173,Missouri,MO,Ralls,283522,17717.9,26405.2,29210.4,36279.5,4778.3,35892.3,16530.1,35928.9
29175,Missouri,MO,Randolph,209458,9165.7,11298.2,10525.4,9499.2,882.6,7845.4,7440.4,13644.9
29177,Missouri,MO,Ray,273027,22099.2,24067.1,22146,27388.9,2201.3,22977.5,18270.4,25540.5
29179,Missouri,MO,Reynolds,97276,74.7,135.1,25.7,132.3,539,69.2,61,0
29181,Missouri,MO,Ripley,137793,2377.6,1622,198.8,1531.8,1207.2,492.9,251.7,640.1
29183,Missouri,MO,St. Charles,158174,9976,43641.8,26855.9,41416.2,12834.5,28463.1,38304.4,32786.6
29185,Missouri,MO,St. Clair,240185,13669.9,8915.9,6861.9,4467.4,2168.5,7761.9,5384.7,7427.3
29186,Missouri,MO,Ste. Genevieve,162604,4267.9,14161.1,8867.9,14031.4,4629.3,10073.3,11593.1,9978.9
29187,Missouri,MO,St. Francois,116267,630.3,1541.5,820.8,1228.3,598.2,1003.3,1363.3,1658.1
29189,Missouri,MO,St. Louis,26316,1311,6212.8,3809.1,4658.7,1660.6,3542.8,3716.7,2494
29195,Missouri,MO,Saline,461273,26769,101147.9,73144.1,104719.4,4056.4,78951.7,50753.1,78145.1
29197,Missouri,MO,Schuyler,159307,1441.4,5891.6,4777.9,5601.6,428.2,3922.7,4058.3,6542.2
29199,Missouri,MO,Scotland,244201,6594.8,23104.7,19396.2,31423.9,5423.2,28162.4,14566.6,31908.4
29201,Missouri,MO,Scott,222829,27776.8,22584,36413.6,23997.5,7359.1,50354.8,39273.2,26805.4
29203,Missouri,MO,Shannon,123992,63.7,0,0,0,681.8,0,94.1,0
29205,Missouri,MO,Shelby,299396,16658.2,24746.9,26594.4,32341.5,5685.8,32953.7,17670.9,37329.8
29207,Missouri,MO,Stoddard,448357,54786,35071.7,57828.4,34472.5,13479,66505.8,46126.7,35401.8
29209,Missouri,MO,Stone,117902,25.6,406.4,336.1,420.1,6157.9,284.6,692.7,1405
29211,Missouri,MO,Sullivan,323057,4126.3,7566.4,4978.6,5933.1,664.9,4307.8,6365.7,9529.3
29213,Missouri,MO,Taney,115760,256.4,0,0,0,1209.2,0,109,26.4
29215,Missouri,MO,Texas,392547,340.8,962,71.5,497.4,3729.7,288,587.9,986.5
29217,Missouri,MO,Vernon,418353,44223.9,29495.6,23620.3,18134.7,4804.6,29558.5,22130.7,26513.7
29219,Missouri,MO,Warren,136055,5769,20834.4,13273,17047.4,6036.5,12342.1,18506.1,17341.6
29221,Missouri,MO,Washington,124011,87.3,119.8,75,89.8,388.2,46.2,108,37.9
29223,Missouri,MO,Wayne,116609,629.4,1465.7,105.3,1158.3,688.3,758,571.1,654
29225,Missouri,MO,Webster,271915,642.1,1257.3,103.6,967.1,2192.3,859.1,1262.2,3440.6
29227,Missouri,MO,Worth,125069,6187.2,10624.4,7482.2,9466.7,804.7,7215.4,6436.4,6307.6
29229,Missouri,MO,Wright,294089,633.6,478.7,88.2,502.2,2386.2,254.6,427.9,486.9
29510,Missouri,MO,St. Louis,294089,0,0,0,0,0,0,0,0
31001,Nebraska,NE,Adams,340667,63572.8,82287.6,76167,58855.6,2892.3,47017,56022,68621.2
31003,Nebraska,NE,Antelope,475104,55764.9,49546.5,35930,50106.8,9532.1,69646,39089.7,34100.1
31005,Nebraska,NE,Arthur,452790,3464.3,2857.5,702.9,1022.8,198.3,437.6,1422.8,1898.2
31007,Nebraska,NE,Banner,422176,4650.4,4093.1,3579,1595.9,3989.8,2354.1,3711.4,2769.7
31009,Nebraska,NE,Blaine,402533,2005,3959.9,1458.6,1257.6,123,766.6,1453.1,1254.8
31011,Nebraska,NE,Boone,434561,49582.5,45558,35450.2,45689.3,8359.6,65953.3,32938,31080.2
31013,Nebraska,NE,Box Butte,675111,6521.1,11410.9,13001.4,7717.8,8645.4,15408.5,10450.3,4485.4
31015,Nebraska,NE,Boyd,290960,20697.7,24746.3,14150.4,18359.9,1035.2,11276.7,11650,15569.1
31017,Nebraska,NE,Brown,725387,28673.5,32774.6,18731.4,26778.2,858.9,15744.8,10810.1,14579.3
31019,Nebraska,NE,Buffalo,580544,134207.2,80046.3,79873.2,60505.2,4822.9,84889.6,57240.9,44369
31021,Nebraska,NE,Burt,309895,30620.5,34192.6,26962.8,34898.5,2913.6,47763.6,25150.7,21723.7
31023,Nebraska,NE,Butler,370218,42711.5,59948.1,58508.3,45333.9,5814.4,55906.3,47363.2,34960
31025,Nebraska,NE,Cass,344944,28726.5,49619.8,50414.3,38280.8,4002.4,48102.6,37615.4,29658.9
31027,Nebraska,NE,Cedar,466175,40788.8,41960.6,33822.8,42219.9,7180.5,62382.5,38735.5,36097.8
31029,Nebraska,NE,Chase,540944,57184.3,56276.2,48970.1,62872,2832.1,39288.9,52337.7,29534.6
31031,Nebraska,NE,Cherry,3757270,8478.5,11427.4,6798.8,9350.5,1094.6,7765.8,5987.6,9283
31033,Nebraska,NE,Cheyenne,702842,8248.9,12304,10821.2,5249.6,15538.1,6387.1,10739.9,6795.3
31035,Nebraska,NE,Clay,330371,124012.2,73547.1,80570.3,62743.3,13146.8,65181.5,67074.5,60162.8
31037,Nebraska,NE,Colfax,257656,25962.4,44473.8,43367.1,33266.9,3279.5,41265.9,38069.1,29322.3
31039,Nebraska,NE,Cuming,362942,41178.2,43647.4,34750.4,42445.7,4099.8,61171.8,33964.1,31477.3
31041,Nebraska,NE,Custer,1503321,148751.4,83320.7,92853.7,77681.4,12451.5,100167.3,71522.7,53143
31043,Nebraska,NE,Dakota,157961,15331.2,15808.2,12951.1,17355.5,1684.9,23623.2,12798.1,10536.5
31045,Nebraska,NE,Dawes,824024,2768.2,2305,1798.1,902,2723.2,1023.9,1236.8,1290.5
31047,Nebraska,NE,Dawson,630228,140441.5,80947.7,83878.8,63982.7,5286.4,87566.2,53997.3,41816.4
31049,Nebraska,NE,Deuel,276719,4231.2,7509.8,7322.3,3731.7,7805.6,4683.3,5464,3315.3
31051,Nebraska,NE,Dixon,298930,22744,23508.9,18765.3,24401.8,3989,36948.7,22949.1,21121.9
31053,Nebraska,NE,Dodge,330168,32148.7,58574.7,58222.6,43702.9,3946.6,54338.3,43945.8,33660.5
31055,Nebraska,NE,Douglas,86194,10013,12650.2,12751.8,9231.2,1004.9,10647.3,8776.9,6584.6
31057,Nebraska,NE,Dundy,520905,39791.4,30537.4,25918.9,36873.4,2217.4,21947.9,34704.6,18365.9
31059,Nebraska,NE,Fillmore,328467,141445.9,89703.6,93608.8,74405.3,11680.4,76576.3,73470.9,63569.1
31061,Nebraska,NE,Franklin,287815,31678.9,39986.9,38345.5,30248.1,3566.9,24420,26377.5,34068.7
31063,Nebraska,NE,Frontier,452210,38876.4,31485.7,25495.7,42051.7,2392.8,27604.1,33716.2,24351
31065,Nebraska,NE,Furnas,435851,32274.5,45018.2,47771.5,45461,7249,35827.2,36099,52293.8
31067,Nebraska,NE,Gage,534581,133117.2,89680.9,94280.7,68142.4,18658.6,71247.1,65474.6,62713.1
31069,Nebraska,NE,Garden,1026386,3021.4,5065.3,5318.7,3184.6,4471.4,5445.9,5942.5,2186.7
31071,Nebraska,NE,Garfield,345788,8116.7,11264,6188,7313.9,342,4999.5,4138.4,4962
31073,Nebraska,NE,Gosper,289994,26771.5,32831.8,30135.5,25713.9,2331.2,22623.2,28516.8,34970.6
31075,Nebraska,NE,Grant,493305,204.7,236.8,150.5,201.2,98.5,127.8,10.4,0
31077,Nebraska,NE,Greeley,338422,49803.5,27814.6,28118.4,24252.2,2444.9,33949.1,21465.3,17123.5
31079,Nebraska,NE,Hall,329681,138974.5,78571.7,78148.7,64685.7,2810.3,84427.6,51847.1,39917.7
31081,Nebraska,NE,Hamilton,303809,61007.3,80945.3,77634,64079.9,4933.1,76087.3,61549.3,45183.4
31083,Nebraska,NE,Harlan,312775,28505.1,39938.9,41535.3,35236.1,4451.2,29673,32987.7,40552.8
31085,Nebraska,NE,Hayes,385167,24235.6,22204,20194.5,28744.7,2100.9,20779.2,24953.9,16373.1
31087,Nebraska,NE,Hitchcock,399385,25204.6,21772.8,19845.6,32189.7,2926.1,21621.3,25001.1,17654.7
31089,Nebraska,NE,Holt,1414243,117395.1,118380.4,69900.8,106015.4,3422.4,64781,50144.1,59676.2
31091,Nebraska,NE,Hooker,436619,343.8,807.9,572.4,675.6,92,214.5,0,0
31093,Nebraska,NE,Howard,312270,71638.7,38812.9,39179.6,30638,2404.9,44247.3,29329.8,23939.5
31095,Nebraska,NE,Jefferson,352137,81104.8,53666.7,56943,45872.2,14930.6,47641.5,41875.6,40424.8
31097,Nebraska,NE,Johnson,197592,35295.8,24747.8,24660.4,17552.7,6298.7,19386.8,18769.5,19185.1
31099,Nebraska,NE,Kearney,293721,64995.6,77584.5,72003.2,51298.5,2208,40831,52085.2,62241.1
31101,Nebraska,NE,Keith,541501,28499.9,33335.7,30742.4,41896.8,2862.7,23251.6,30577.9,18146.4
31103,Nebraska,NE,Keya Paha,465577,6428.6,8679.9,3937.8,5520.7,506.2,3311.8,4337.4,5193.2
31105,Nebraska,NE,Kimball,597606,8967.6,7173.6,6314.5,3607.2,8743.8,4174.1,5753.5,4095.7
31107,Nebraska,NE,Knox,627810,31965.5,34319.2,27850.5,33399,14917.9,49267.9,30240.5,31215.3
31109,Nebraska,NE,Lancaster,488863,38972.5,58265,56518.1,42229.2,7416.5,53315,41740.2,32532.8
31111,Nebraska,NE,Lincoln,1422759,76866.1,70944.8,60295.2,90300.4,3749.5,53133.9,63315.9,37509.3
31113,Nebraska,NE,Logan,330161,12521.5,14604.6,9210.2,13220.9,537.5,10178.9,7231.9,9380
31115,Nebraska,NE,Loup,280588,5548.4,7025.8,3685.1,4563,293,3169.8,2359.4,2923.7
31117,Nebraska,NE,McPherson,470580,2412.9,2981.2,1972,1209.9,184.2,1788.3,1983.5,1132.9
31119,Nebraska,NE,Madison,351896,37943.5,37864.7,29246,38658.2,4824.3,53611,27937,24529.4
31121,Nebraska,NE,Merrick,235385,37863.4,52567.3,50330.3,39851.6,5630.6,50689.9,41355.5,30102.5
31123,Nebraska,NE,Morrill,799171,4073.9,9096.1,12330.5,7390.2,2872.2,18229.3,12861.8,4103.8
31125,Nebraska,NE,Nance,208027,22786.4,27023.2,29610,22294.2,6700.6,31746.8,27292.6,19169
31127,Nebraska,NE,Nemaha,253421,41231.7,37679.8,41640,30021.2,6387.4,32837.1,29382.5,28632.1
31129,Nebraska,NE,Nuckolls,349694,83741.6,60724.2,62213.7,49007.9,18555.7,49091.6,44567.8,45125.7
31131,Nebraska,NE,Otoe,387732,72346.3,54903.4,62055.8,44224.8,8944.6,47973.2,48486.4,43925.5
31133,Nebraska,NE,Pawnee,268714,36299.2,25190.7,27508.2,18893.9,9282.8,19918.9,17432.5,22592.5
31135,Nebraska,NE,Perkins,556854,59272.4,63802.3,56727.7,76652.8,5659.9,45658.4,60597.3,38542
31137,Nebraska,NE,Phelps,331301,77047.2,80048.6,71260.9,51189.5,2162.7,43268.4,56764.7,69268.4
31139,Nebraska,NE,Pierce,329090,37945.5,37280.1,28498.8,37134.8,5262.3,51138.5,28096.5,25112.1
31141,Nebraska,NE,Platte,426246,51158,79868.5,78173,59895.3,7199.8,76238.4,63593.4,50848.4
31143,Nebraska,NE,Polk,245193,38916.6,50908.8,50160.5,41438.8,4385.9,51316.3,40607.2,30143.8
31145,Nebraska,NE,Red Willow,419407,42805.9,39473.4,30683.5,45453,3231.6,31071.9,32721,23142.1
31147,Nebraska,NE,Richardson,319273,48827.8,46020.6,50583.5,37250.7,8586.7,41053.7,38973.8,36238
31149,Nebraska,NE,Rock,644661,19779.4,17161.5,9946.5,15564.9,550.3,9162.2,8071.4,7238.9
31151,Nebraska,NE,Saline,361860,106315.3,73523.7,75958.8,57392.2,12553.5,58194.2,55916.7,50265.5
31153,Nebraska,NE,Sarpy,91756,9866.4,16167.6,16272.9,12252.4,1185.2,14055.1,10759,7952.4
31155,Nebraska,NE,Saunders,469586,43542.3,72116.9,71967,54718.7,6225.5,67341.7,54849.5,42656.1
31157,Nebraska,NE,Scotts Bluff,445306,4408.1,11250.1,16330.2,9035,1893.8,22302.3,14566.3,3734.7
31159,Nebraska,NE,Seward,354742,44500.1,60307.1,59017.2,44952.9,5566.5,56426,44491.7,34781.3
31161,Nebraska,NE,Sheridan,1534039,5328,6781.7,6899.7,4103.9,3737.8,7937.3,7054,2269.3
31163,Nebraska,NE,Sherman,281013,43802,27626.8,28527.5,22604.9,2539.8,33192.8,21784.6,16165.2
31165,Nebraska,NE,Sioux,1224764,1455.1,2252.6,2880.1,2009.5,862.9,4079.1,3078.7,817.7
31167,Nebraska,NE,Stanton,254238,22754.8,22664.3,17618.3,22100.9,3913.9,32203.1,18730,18725.1
31169,Nebraska,NE,Thayer,326106,107886,70753.3,73505.7,60056.8,15629.6,59387.6,57057.7,55453.7
31171,Nebraska,NE,Thomas,367742,717.8,876.8,373.3,472.6,97.7,313.2,344,201.9
31173,Nebraska,NE,Thurston,247611,22118.1,24197.5,19395.4,26252.4,2323.3,35791.6,18179.7,16755.9
31175,Nebraska,NE,Valley,349411,51426.1,27988,30103.4,24385.3,2648.6,33222.7,20193.1,17422.5
31177,Nebraska,NE,Washington,248075,19847.9,34370.7,33899.4,26225.2,2832.7,32820,25992.3,21250
31179,Nebraska,NE,Wayne,280064,27869.6,30254.7,24284.4,31823,3359.7,44110.6,24776.1,22837.2
31181,Nebraska,NE,Webster,302082,23882.5,36974.7,40336.9,32565.7,5181.1,28474.9,24190.9,35642.7
31183,Nebraska,NE,Wheeler,357073,23619.5,27295.7,14129.7,22005,680.8,13695.3,11679.6,12389.4
31185,Nebraska,NE,York,339658,60824.8,85299.2,83516.8,66968.9,4645.6,78213.5,64501.7,50803.3
