geoid,1995,2000,2001,2003,2004,2005,2010,2015
17001,12504.7,44146.7,54659.3,74423.3,484.1,71058.9,108640.3,145322.6
17003,2691.4,15383.9,16774.9,26991.6,43,26753.5,41423.7,42560.2
17005,7526.1,24800.8,34429.9,44045.6,3,41197.3,58384.8,60786.7
17007,3730.4,19510.3,17104.1,29655.3,26.2,22134.5,48384.2,47791.8
17009,4373.9,13797.5,16941.1,23716.6,147.2,21965.7,27955.1,36773.7
17011,12776,51672.7,94703.8,101136.3,16.2,108490.9,189027.1,204781.3
17013,2659.5,6804.8,8230,12680,0.7,9606.5,13876.3,15558.9
17015,4761.9,17142.4,30794.4,38940.1,4.2,45191,77448.6,86726
17017,8122.5,21121.2,27092.4,30930,2,29809.4,49624,63194.2
17019,7583.9,58457.6,60214.3,108759.1,844,107186.2,277347.3,252709.5
17021,18777.3,56852.9,77041.9,87175,6,85529.7,137220.9,156451.1
17023,17953.1,25156.1,34773.6,51720.4,531.1,57854.9,93063.1,76448.5
17025,14405.8,26421.6,35253.8,60243.5,523.3,57798.7,95552.1,71317.2
17027,10776.5,43015.8,50565.6,82123.1,116.1,81094.1,155054,159380.1
17029,19111.5,27618.7,37246.1,58003.2,571.4,63890.4,115018.9,93773.8
17031,1222.3,3043.4,3060.7,2644.4,3,2853.3,2510.2,2958.2
17033,14410.2,21884.7,29334.4,44878.2,478.9,50394.9,87675.2,69702.2
17035,11919.2,17753.3,23971.8,35543.7,360.3,39991.1,70981.9,55337.1
17037,8982.6,48364.4,46111,74738.8,79,56921.4,127574.7,139372.3
17039,3762.7,26299,35418,46889.2,36.4,49338.2,86559.1,116590.1
17041,19525.5,29053.3,38535.6,60984.8,581.7,65706.8,110751.3,88823.9
17043,462.4,1163.3,1528.5,1572.9,0.8,981.8,1784.2,1760
17045,24594.8,38032.4,50273.7,77737,761.8,86708,159723.8,131101.1
17047,2463.9,9430.4,16127.6,20437.4,129.8,23223,19673.8,30860.5
17049,15809.7,23649.5,33108.9,53208.9,514.6,56709.5,92393.7,74455.4
17051,19285.4,30716.8,45087.7,71922,699.9,76701.7,127763.8,103893.3
17053,3987.9,29755.9,30791.1,57224.9,427.2,54711,143963.8,132092.6
17055,3289.4,14866.2,26184.2,33370.6,250.4,39465.2,24745.4,37850.5
17057,11514.7,43858.5,54792.2,72781.1,472.9,66665.6,97666.6,125212.6
17059,4963,17659.8,29666.6,32387.5,259.2,35792.6,28960.3,50446
17061,10097.1,33765.2,42537.6,55124,3.4,47990.4,80068.2,87006.5
17063,5933.1,32277.2,29680.8,50907.4,38.4,41661.6,78614.5,85863.9
17065,3748.1,18108.3,33198.5,37353.6,273.2,45593.5,34240.7,58499.7
17067,14866.8,53589.1,64528.7,91439.3,581.2,86067.8,120286.2,168961.8
17069,344.7,842.4,1743.2,2919.8,16,2266.7,2176.3,3540.4
17071,5036.6,23059.9,29740.8,38896.3,244.3,37077.8,54762.9,78105.2
17073,11514.6,50394.8,90377.4,102321.1,13,117259.6,181626.5,200928.2
17075,8409.9,63602.3,66911.1,120199.6,947.6,117005.3,316420.1,289848.7
17077,6864.9,35770,35053.5,60531.8,88.3,58510.5,108310.9,120796.1
17079,18243.8,28332.3,38860.4,59151.9,601.3,64941.2,111409.2,88236.6
17081,2993.9,17368.2,31870.1,37071.6,277.1,44615,31563,46679.1
17083,6109.8,19052.1,25109.8,30996,2.1,29935.4,42910.9,48000.9
17085,3565.1,12119.6,22722.1,29215.4,3.5,33339,60024.8,69559.8
17087,1512,6932.8,8614.6,10464.4,18,11547.8,22210.4,25409.3
17089,5002.9,23922.8,22506.1,37904.5,36.9,28029.2,54373.6,56017.6
17091,4334.3,33185.3,34267.9,59588.7,458.2,56532.8,159574.5,147725.8
17093,4646.6,24344.5,22194.2,37288.8,26.7,30120.1,54249.9,57710.1
17095,11554.8,46844,56726.8,80885.7,472.8,72449.2,106344.7,150221.4
17097,1600.6,5698,4370.9,6893.6,5.5,4966.7,8231.4,7703.2
17099,16448.6,86300.8,79817.1,136408.1,154.8,112041.9,218129.6,234322.5
17101,12489.3,19001.5,26648.6,43384.4,414.9,46529.3,78229.9,63337.6
17103,11040.6,44234.1,75737.5,82114.9,49.6,92728.3,162101.7,174938.9
17105,8596.1,64241.4,65595.9,119282.8,978.2,119946.3,303512.4,274731.9
17107,6474.8,43899.2,60425.1,76689.5,57.4,79513.2,140788.7,191468.2
17109,11274.9,44644.4,52652.1,71883.9,480.6,70024.8,98107.5,134911.1
17111,6245.8,25487.4,24075.8,41466.9,26.7,31980.8,61396.7,66364.4
17113,12026.5,83615.3,111778.3,143443,103.9,147022.2,266869.6,355041.7
17115,5416.8,39693.7,51498.6,67062.6,50.8,69103.3,118937.6,161068.9
17117,17320,50691.9,68030.4,81857.5,5.4,74859.5,124774,141474.6
17119,12106.1,39555,54357.7,65068.6,4.5,64108.7,89083.6,99558.9
17121,14353.2,23352.7,31879.1,51728.5,468.1,52234.6,85195.6,65140.2
17123,3538.7,22110.6,30233,38677.4,31.6,39038.1,75695.1,102587.1
17125,3892.9,27750.9,38646.3,48065.2,147.7,46053.7,84016.1,118002.7
17127,1905.9,8282.1,14282.5,17899.1,126.8,19435,12520,21081.9
17129,3071.2,20617.3,27816.9,35689,27.1,37135.6,60344.7,80936.4
17131,7182.4,30703.8,56310.1,61698.5,8.2,75601.1,111091.1,124310.9
17133,6266.5,35612.2,36941.9,59995.2,85.9,56779.2,100198.4,112879.6
17135,14965.6,49136.6,64726.2,77115.5,5.4,77099.8,119543.1,131513.7
17137,12594.9,38791.4,51983.1,62378.8,4.2,58946.2,94191.6,104924.9
17139,14022.1,20788.7,27278.1,41332,401.5,43896.5,80403.4,65588.1
17141,9129.2,35989.2,64442.9,72600,30,80799.2,147793.1,157386
17143,4147.9,24269.9,33722.8,43676.8,32.2,45143.4,82316.5,111538.3
17145,7282.3,33831.9,36585.7,68054.5,90.5,60454,114870.4,116397.1
17147,3539.9,26464.5,29040.2,52384.6,392.9,50751.1,133348.4,122965.6
17149,12169.2,36532.4,46518.1,56591.6,3.6,53481.6,97693.2,110879.8
17151,787.6,2165.3,4369.6,4704.1,35.5,5768,4600.4,7647.8
17153,3139.2,15257.8,16593.9,26197.2,38.4,25194.3,47989,52549.8
17155,2189.1,8530,15659.4,16149.4,2,18416.2,27385.7,29536.1
17157,8500.3,44988.1,48455.4,81573.7,120.6,77960.4,146916,151654.1
17159,13846.6,22755.7,30501.6,55468.9,487.7,52701.1,78645.5,65328.1
17161,3917.9,15555.6,28724.1,31415,4,35116.8,52596.7,55704.4
17163,12903,55819.3,57087.4,90622.9,132.6,89529.5,158993.3,167964.4
17165,2786.1,11749.1,22048.3,25202.1,172.1,30658.2,22725,34499.7
17167,21762.5,61744.3,80392,90652.3,5.7,81330.4,136075.3,155138.8
17169,6251.2,21617.5,25087.3,33912.4,246.7,32256.6,46151.8,65283.6
17171,4552.3,14705.2,21477.5,23594.4,1.6,23213,36938.2,39967.3
17173,26674.2,41041.8,54310.9,83196.1,823.7,90222.7,167636.1,137864
17175,2992.8,19024,26403.9,35196.1,26.4,36279.9,66098.3,91850.2
17177,6057.9,24505.4,43771.4,60413.2,20.9,63861,108604.4,124537.6
17179,5292.4,34772.6,47834.9,60380.8,105.4,62691.3,112554.3,149144.1
17181,3074.4,12592.6,14359.5,22762.1,31.9,22218.5,35003.9,38800.1
17183,6555.5,47940.9,49338.1,88232,700.1,89328.8,227613.5,208882.7
17185,2753.1,12663.6,22296.8,26454.8,179,32389.5,22609.7,31626.2
17187,9440.1,41717.7,51999.6,74160.9,461.2,68977.3,101956.1,143125.9
17189,14228,61765.3,72215.1,115352.6,164.8,110637.2,205638.5,210856.9
17191,5651.9,27907.7,49312.9,60688.1,399.7,70208.1,58710.8,94746.8
17193,5642.7,25549.9,42656.7,53071.2,372.7,62976.7,46908.6,70875.2
17195,9221,36222.9,64449.5,72683.8,57,80377.4,140543.7,150694.8
17197,8242.8,40877.1,36641.6,58484.1,45.7,49672.1,81430.4,89826.1
17199,2328.6,12183.7,11754,16421.2,26.3,19368.1,39844.3,41116.8
17201,4415.1,18503.2,33994,36834,9.4,39167.3,65116.9,62851.1
17203,5075.6,34773,46868.3,60070.2,45.7,63001.5,104034.3,142054.1
18001,27377,35623.8,40908.8,44132.3,129.4,47183.9,61145.7,67453.3
18003,31246.8,45507,51819.8,55353.8,161,58613.5,79263.6,85659
18005,9935.1,23795.1,32346.7,36153.9,1129.8,39873.2,53545.4,61332.9
18007,2467.1,38314.7,53912.3,50700.9,105.7,76028.2,113935.6,140461.7
18009,3569.4,12649.1,11478.5,16764,84.3,18581,36633.7,44241
18011,15467.1,33775.2,46130.4,58424.2,1842,64220.9,78641.9,93354.2
18013,340.4,996,332.4,1132.1,4.3,1488.9,1799.2,1847.8
18015,7275.2,33065.1,34060.8,34482.5,20,40881.8,64086.7,65353.6
18017,7174.9,33880,35549.4,35258.9,20.6,40200.5,64713,66162.2
18019,1996.7,8442.3,14515.2,18556,156.4,16413.3,26813.1,29699.9
18021,6350.6,34227.5,32292.7,32764.9,79.7,40428.5,65532,78152.4
18023,15652.7,34554.9,47985.5,53477.9,1616.6,56772.1,87018.3,99273.8
18025,1138.2,960.1,375.5,1243.6,4.7,1627.3,2722.2,2532.3
18027,7384.7,24929.5,26922.3,37695.7,286.8,48847.8,67441.6,107066.8
18029,1042.3,2742.9,4744.3,5838.9,43.5,5106.7,9061.7,10116.2
18031,9874.8,24487.5,32942,38633.3,1208,42417.3,64938.2,72286
18033,17858.8,25836.2,30216.3,32327.3,99,37296,50411.2,58572
18035,7577,37242.2,31451.1,47584,236.5,49788.4,73003,98089.5
18037,5526.3,18406.3,19806.4,30451,244.5,37242.4,46901.6,71022.3
18039,4292.8,19352.8,19095.4,20121.9,11.8,24387.5,36820,37460.1
18041,3568.3,14837,11995.3,19381.9,93.8,20781.5,33125.1,44271.4
18043,577.1,2463.2,844.1,2850.4,12.2,3431.7,2921.6,4187.8
18045,10038.9,53704.2,47423.6,49003,120.8,60740,90397,104054
18047,2275.1,9872.3,16170.7,20851.5,164.6,18229.3,35494.9,37675.7
18049,5816.6,30202.4,31709.6,31956.9,39,36221.6,58124.1,59928.3
18051,11293.5,36164.4,36964.2,53700.6,414.3,64778.1,87904.8,128138
18053,13677.8,33627.8,47831.8,55578.9,1717.1,58069.7,76189.6,86320.2
18055,6078.6,20423.7,18648,23848.7,201.4,31731.3,49154.3,70493.6
18057,9944.5,21360.4,28271.5,30694.2,968.1,32700.2,48147.1,53129.2
18059,10647.3,26912.4,35938.6,40678.5,1306.9,44378.7,55566.1,65567.5
18061,3740.6,14547.1,5196.6,18534.5,76.3,24089.9,25928.7,35849.1
18063,9703.4,24656.8,32916.6,31823.2,984.2,33075.9,57173.1,63697.5
18065,7243.3,35015.2,30009.9,44171.3,217,47693.3,76160.2,98822
18067,11362.6,24175.5,34358.4,38412.7,1185.3,41577.8,53714,62397.4
18069,27591.7,37019.7,42607.1,47568.6,134.5,49012.9,66927.9,78893.3
18071,7403.1,41288,12787.4,45316.3,191.3,61643.7,64235.5,81036.6
18073,2401.3,38705.7,54388.9,48012.7,103.5,73326.3,120193.9,151654.3
18075,7570.1,38950.3,33107.5,48962.5,238.2,53453.4,78860.5,103522
18077,2054.2,9665.2,17864.5,20515.5,157.8,17701.5,31510.8,36405.4
18079,2534.6,13668.6,22951.8,30727.8,215.9,23703.6,43861.3,46265
18081,7328.9,15448.9,21676.2,24560.7,734.6,26447.7,39013.5,45809.6
18083,13806.6,47808.5,48062.5,69409.3,540,81573.2,111570.7,156075.1
18085,6879.7,34991.8,36811.7,37599.5,22.4,43581.4,70769.4,71179
18087,11980.3,17020.5,19376.5,20094.8,66.2,22367.2,35654.1,36672.6
18089,1349.3,19330.4,27207.4,24475,51.9,37065.2,51749.7,62621.1
18091,1923.4,30543.9,42348.7,40558.5,85.2,61964.6,92102,124791.4
18093,3380.4,11666.2,3913.8,11635,57.3,17883.6,20091.4,28231.4
18095,13999.9,31554.1,43009.2,48866.7,1532.7,52692.1,77779.7,85360.2
18097,2032.9,3110.1,3889,4067.8,128.3,4055,6818.6,7266
18099,6428.3,29224.9,30752.9,31145.1,18.1,36607.5,57704.3,58820.4
18101,1645.6,4859.3,4887.2,7452.9,62.8,8889.7,13421.7,21825.5
18103,6159.5,32157.1,33154.6,34037.7,19.7,38876.7,60100.8,64015
18105,1285.5,4014.9,1316.5,3795,18.2,5917,6910.1,8988.1
18107,12153,61996.9,56165.9,60933,150.4,76120.7,125377.7,140816.4
18109,6739,14614.6,20448.5,23041.4,721.6,26416.8,35638.9,39353.3
18111,1771.5,28498.4,39889,35840.7,71.4,53523.7,79133.7,110608.9
18113,16135.4,25545.5,29314.7,31186,88.2,32892.6,50035.7,55019.2
18115,381.2,851.3,1566.4,1979.7,13.4,1346.7,2930.5,3210.3
18117,3204.4,11431.9,3464.2,11490.7,52.2,17843.1,20774.3,30553.7
18119,4228.5,9885.9,9894.4,8584.8,23.8,12536.4,25326.2,28918.4
18121,7975.3,34304.3,30670.9,33825.7,85.7,39132.8,65585.8,73675.9
18123,1573.2,5855.8,1922.7,5891.9,28.3,9174.2,11401.6,16372.5
18125,4002.6,12895.8,14666,19755.8,157.2,25788,35994.4,53156.6
18127,1296.1,19448.2,27665.9,25291.6,53.1,38112.5,55639.4,71517
18129,10204.2,34650.4,36291.1,51051.6,425.8,59208.3,78437.6,111075.1
18131,1846.2,30868.5,43807.3,38087.7,85.1,61481.8,86321.9,103179
18133,8345.6,35863.3,33218.6,35627.5,87.1,43247.1,72966.9,84903.3
18135,8728,45057.4,40290.3,59261.1,281.3,64145.5,98103.6,128335.6
18137,2970.8,16400.4,26803.2,33806.7,261.3,27934.8,50918.3,55453.6
18139,14198.8,32541.9,45364.1,52012.4,1584.2,56683.4,86560.9,96605.3
18141,4886.8,23786.8,24242.6,24334.6,13.4,28569.9,44894.7,43067.1
18143,1228.1,5705.8,10344.7,11838.1,108.4,11362.3,18024,19148.7
18145,13380.9,31799.3,43248.3,50130.5,1550.1,55823.4,79186.2,88893
18147,7005.8,22866.8,25323.5,35706.8,303.3,40877.9,57772.7,84675.1
18149,760.9,13928.5,20381.3,18735.9,39.3,29837.9,41986.2,52014.4
18151,9989.9,14734.2,17039.5,18927,53.4,19483.2,31105,33601.8
18153,8009.8,28895,31144.4,41226.1,367.1,50333.7,67288.4,94460.6
18155,937.3,1863.3,3461.9,4564.4,34,3557.4,6864.4,8646.6
18157,12765.4,52128.2,46481.2,49529.6,118.8,59835,101210.2,111059.1
18159,11730,24290.6,33879.1,38558.6,1190.1,41433.1,58450.1,68315
18161,2934.2,12605.6,10431.1,16176.9,74.9,17286.4,29095.1,38685.3
18163,3887.8,14367.3,14627.8,22591,202.8,24570.6,28487,42105.2
18165,4776,13177.3,11223.4,12959,27.9,14571.6,41202.5,42633.8
18167,6759.3,28799.5,25724.7,25834.5,66.6,33329.6,55567.4,60840.3
18169,6095.2,34149.5,35307.4,37339.3,21.7,41217.2,64646.8,65334.7
18171,9640.6,45066.6,39996.9,43754.5,101.1,53453.9,85012.8,95075
18173,4331.4,15627.5,16064.1,22795.2,204.9,29439.1,38175.9,55111.8
18175,5058.4,22680.2,7335.7,27427.2,114.4,37678.8,45297.4,57767.2
18177,6032,27857.9,24208,35112.8,171.6,38281.5,59461.4,83272.8
18179,31577.1,41900.1,49383.9,53719.2,156.2,56222,76156.5,82319.3
18181,2811.3,41646.1,57544.5,50821,115.8,77657.3,117278.6,149290.7
18183,19489.3,26474.3,30522.7,33384.8,98.7,35956.1,50817.8,56982.7
19001,2424,21345.6,37251.5,45654.6,352.2,44974.7,78218.5,122256.3
19003,1795.5,12741.9,23100.9,27805.8,222.8,28150.5,50162.2,79203.9
19005,1966.1,11421.3,16664.2,17369.9,147.9,18614,52322.3,56498.6
19007,2026.7,36871.1,18729,23578.4,208.8,21738.7,44398.9,39799.2
19009,8461.7,24787.4,32266.4,40358.7,358,43750.8,89142.1,109243.8
19011,9041.1,50283.1,68118,81747,171.2,64710.1,158899,174314.6
19013,3753.9,43427.9,44443.9,57793.7,551.5,57060,117568.7,113006.6
19015,5291.5,40581.9,47884.8,46016.8,437.7,55972,122040.6,113849.2
19017,2759.5,33933.8,35803.3,45600.9,418.3,45056.1,90767.8,90883.2
19019,3516.2,46599,48995.2,60618.5,537.4,58306.2,125074.2,120808.9
19021,9174.6,24077.5,33226.7,75953,644,72563.7,149109.4,151848.2
19023,1694.3,31840.1,37596,53124.9,696.5,62109.1,139594.1,123677
19025,8429.8,38805.8,52528.7,63382.7,538.7,64536.2,129704.1,161759
19027,8738.3,35649.1,46332.9,57134.8,501.8,59399.2,121867.2,155782.6
19029,2313.8,23745,42589.4,52339.6,397.2,51481.8,88934.1,140598.2
19031,6341.5,38223,51764.1,59221.1,125.4,46160.5,122039.7,131607.2
19033,1532.1,33231.7,39957.2,55080.4,678,62484.9,137965.6,130420.7
19035,7976.6,21476.1,30009.6,67939.2,597.7,65956.8,142928.1,140434.5
19037,3185.8,38819.1,41932.5,53619.2,493,52211.8,109755.1,110043.4
19039,1869.3,32061.1,17054.6,21654.4,187.5,20433.8,43968.9,38486.1
19041,8437.7,22319.4,31862.9,70606,594.6,67538.2,138319.8,139126.9
19043,2459.4,17899.1,26686.5,31655.9,250.7,31950.7,87507.8,90126.2
19045,6633.8,38212.1,53867.1,60363.4,126.4,49374.5,136624.3,146871.1
19047,10983.1,39767.2,51020.6,64357.2,569,68653.9,145930.5,187335.9
19049,5001.7,37536.5,45180.1,43808.6,430,52592,115159.7,106236.9
19051,5257.8,16706.7,20613.7,21206.4,175.7,24919.7,35698,47856.2
19053,1970.9,36275.7,18475.2,22922.2,199.3,20087.1,43794.5,39759.1
19055,2493.9,32874.6,39112.8,45347.8,348.1,43477.1,103859.8,110497.6
19057,10322.4,26585.4,38079.3,37924,275.6,42397.6,53911.5,64499.3
19059,5519.3,13545.2,19825.3,43228,371.7,41050.9,86816.9,85378.9
19061,1742.3,15508.8,23280.9,24433.5,171.1,26856,71892.1,79615.9
19063,6457.5,16289.5,23596.1,50539.6,427.9,50925.9,97866.1,101955.5
19065,3971.7,48609.7,54942.9,67164.8,605.7,67132.2,137599.4,141426.8
19067,1560.2,29056.3,34241.7,48813.5,649.1,57460.1,124648,116890.1
19069,1698.7,36447.2,42638.1,59674.2,771.6,67235.7,153651.3,146573
19071,2304.2,24752.7,40597.8,51067.4,402.3,50741.4,80248.2,122035.9
19073,8778.4,37250.9,48675.7,59536.8,519,63407.3,123020.9,152393.9
19075,5228.2,43886.5,52047.9,51532.5,503.6,61816,133236.7,126272
19077,8798.9,24963.3,33321.2,40122.3,342,41835.3,85581.5,106536.5
19079,6074.6,45543.9,54057.2,51280,477.6,61136.8,139237.8,131017.7
19081,1539.4,34381.6,40792.5,57882.5,747.4,67442.1,153111.5,142102.9
19083,5397.3,41982.6,49505.1,45651.7,426.7,54251.1,129650,118940.4
19085,10750.2,35713.7,46531,59266,498.5,61914.5,126628.2,158918.3
19087,10635.7,29742,40792.9,41122.5,306,46995.9,55589.2,71475.8
19089,3009.6,36425.9,39879.4,50290.7,468.7,49324.1,105618.2,103574
19091,1346.5,28945.4,33709.4,48986,656,56888.7,121625.4,112848.5
19093,6771.6,26819.9,34459.9,42542,381.7,44912.4,95622,117356.3
19095,5023.1,26342.8,37964.9,46829.8,91.1,36287,96109.1,111160.9
19097,2984.4,13202.8,21929.7,22323.1,46.7,20253.2,72181.6,82089.1
19099,6081.7,44457.1,52072.9,51785.9,517.5,62885.3,145215.2,140951.4
19101,9553.1,26288.5,29023.8,34204.1,255.1,39021.2,49563.3,64568
19103,4986.1,27180.5,38233.6,44278,89.7,34841.6,89647.5,99498.1
19105,4819,25600.1,38192.5,41975.4,82,32795.6,95734.7,103532.4
19107,13433.8,36516.8,47454,50975.6,377,58453.9,80528.1,106229.2
19109,2927.3,62125,73318.9,107579.7,1388,121005.1,275975.1,253352.5
19111,10359,27520.9,38470.9,38809.5,288.8,44561.9,51984.8,66599.7
19113,6379.4,36776.8,49547.8,58734.8,122.5,46247.8,113903.6,124415.2
19115,10629.6,28480.9,39148.6,39567.4,286,43514.9,55880.9,73993.4
19117,1829.9,23757.6,12717.4,16605,152.6,15745.9,35593.3,33435.3
19119,8388,22339,30558.1,70107.2,620.5,68503.8,147610.3,142259.6
19121,3490,64288.1,37378.1,42904.9,365,37359.7,86236.6,80756.8
19123,15156.7,41392.1,56408.2,58766.5,430,66616.1,84263.9,113654.5
19125,3789.1,68357.9,39656.9,48268,422.3,43639,88015.5,87823.7
19127,5030.5,39415.8,46563.9,46792.7,448,56334.6,128147.2,126147.4
19129,1787.4,19752.8,35543,44361.4,341.4,43604.1,70480.4,107733.3
19131,1425.4,25766.7,31201.6,45111.2,595.6,52853.3,118166.9,115852.2
19133,10897.6,36131.3,48069.4,60352,502.5,60559.4,134868.7,164436.7
19135,1683.7,30563.2,13127.9,18040.7,153.2,17110.4,36107,33600.4
19137,1879.4,18326.8,32534.6,41535.8,319,41347,66319.7,103291.9
19139,4295.2,23123.4,31602.6,37276.7,75.9,29043.1,72445.1,79048.8
19141,9164.8,24032.4,33937.7,78738,665.1,73132.4,150791.7,145567.9
19143,7581.7,17464,25629.7,55997.1,484,53419.8,106259.9,111497.4
19145,2363,20612.1,37188.8,46291,365.9,47520.8,81434.3,122608.5
19147,9413.4,22584.6,31049.2,70558,586.5,65402,142246,139349.7
19149,13244,31646.4,42813.6,101498.3,860.2,96089.6,205650.4,201511.6
19151,9480.4,25543.4,35157.2,79702.6,693.9,75865.9,154734.5,154726.6
19153,3619.3,26724.3,30414.7,29869.7,270.3,33661,70050.3,68473.9
19155,3751.9,43398.9,83511.5,96499.4,739.7,94571.8,162996.4,238605.9
19157,5199.8,34913.1,42532.3,42800.5,413.6,52900.3,120274.7,117568.8
19159,3028.2,46092.7,26422.3,30975.9,265,28106.8,67931.1,56493.8
19161,8301.4,36339.1,47578.6,55255.2,498.2,61320.8,128576.2,153373.3
19163,4158.9,24676.4,33772.4,36720.4,78,29242.5,78830.4,86703.4
19165,8127.6,34883,46136.5,57787.3,512.7,62001.5,132936.5,161478.6
19167,11862.8,29740.2,41750.4,93288.7,779.8,92810.4,186800.8,204118.7
19169,5866.6,43682.2,51069.1,47358.4,460.1,56858.5,129315.4,122482.9
19171,6402.9,44047.1,52591.4,52783.2,510.9,64167.8,143936.4,139277.1
19173,2440.5,14950.5,26947.1,32083.5,248,32538.4,62293.4,102029.3
19175,2798.7,48349.5,28991.4,34852.3,294.6,30474.2,64742.6,55826.3
19177,6070.4,18704,20063.7,23745,188.3,27485.7,33510.9,47082.7
19179,7797.3,21630.6,26679.8,29222.6,222.4,33344.1,42215.2,52903.4
19181,3708.8,63575.8,37066.5,44762.3,370.3,39538.6,78179.2,76426.1
19183,15313.5,41200.1,54217.8,54561.7,395.5,61439.2,80507.5,101758.7
19185,2901.8,50735.5,23412.8,33500.3,285.7,30020.4,67646.2,63233
19187,7144.7,55318.8,65391.9,64615.1,615.9,76315.1,167265.3,162245.8
19189,1231.5,25516.2,31290.8,43425.5,565.3,49985.5,106083.7,102183.6
19191,2522.9,28832.8,34590.9,42231.1,359,42410.5,97970.3,104839.1
19193,14728.5,42232.5,52752.7,66417.3,595.2,72357.4,158248.4,203336.5
19195,1182.7,24353.8,29572.7,40714.9,534.6,47963.2,102527.1,95678
19197,1840.1,38825.1,45257.2,66600.8,846.2,74292,159577.6,146603.5
20001,2319.9,11823.9,20385.2,23870,24.4,35701.4,46195.2,55146.4
20003,875.4,22714.5,25646,30233.9,30.5,42443.7,60448.4,75637.6
20005,4219.6,23023.2,31606.7,31557.8,28.3,35069.2,76757.7,72282.7
20007,447.4,2267.7,6337.5,6981.3,2.3,9141.5,17478.3,26776.7
20009,5737.2,18739.4,25488.5,28134,13.8,59007.1,55681.6,132829.4
20011,1346.7,6877.7,13834,12499.5,13.1,16502.1,22916.5,25740.3
20013,7112.8,45579.2,59087,62792.2,53.7,65518.8,136488.7,145745.1
20015,2981.3,14084.5,26957.4,20152.4,17.2,35873.2,59363.3,77945.4
20017,431.9,8683.5,6582.9,6877.8,7.9,11005.6,15352.7,17354.8
20019,582.9,1460.4,10887.1,1980.4,2.9,3830.3,5190.3,6293.4
20021,3295.2,17146.7,29162.9,40784,52.1,54426.5,67776.3,85484.8
20023,1949.6,22679,23260.5,22685.4,4.6,36065.3,76850.5,114390.9
20025,3312,2024.3,3731,5851.3,0,13034,20584.6,25147.4
20027,2708.4,35880.1,36619.1,36853.5,42.8,67899.9,81516.1,157665.7
20029,2956.1,23781.4,24988.4,26872.6,21.1,59304.5,69466.7,129901.4
20031,747.7,20440.4,26217.6,27887.2,34.1,39356.1,54183.5,65096.6
20033,440.2,1455.1,3417.8,2408.3,0.8,5125.6,9015,17088.3
20035,2097.1,23407.6,25907.7,30244.1,18.3,68943.3,54880.8,68535.5
20037,2676.2,11628,23997.8,29189.6,33.5,40087.5,47187.2,66287.9
20039,3290.3,26764.4,24780.9,30274.6,2.5,46256.7,75366.8,106645.7
20041,3578.2,10902,29171.9,25355.9,30.3,66893.1,45244.6,103602.4
20043,4066,30533.5,37929,39752.8,37.2,42541.7,84339.7,95512.7
20045,612.2,15945.5,14590.4,14820.7,17.5,20282.3,30588.9,37937.5
20047,1680,13022.2,29683.4,17335.2,17.2,38455.1,89653.8,82848.3
20049,653.6,2670,11154.6,4074.4,5.4,6679.9,9289.6,10205.1
20051,2948.2,7540.9,8845.3,11130,1.8,24832.4,27056.1,77618.9
20053,2292.3,5081.8,7507.7,8464.7,2.9,15792.9,15982.3,52263.9
20055,9390.5,13833.2,16218.2,40760.3,0,109391,141239,153618.9
20057,9027.5,11673.1,15100.5,31509.7,0,81008.8,99130.9,112160.2
20059,677.6,27417.9,22671.7,25097.8,31.2,38165.3,53927.8,68077.7
20061,436.8,5097.9,4912.6,4345.7,6.2,7505.4,14371.7,17314.6
20063,2845.4,12189.8,33709.5,32893.6,4.4,61125.2,196663.3,121104
20065,3483.9,21138.3,17161.8,33936.3,2.4,45565.7,77115.9,110290.8
20067,5173,5695.7,6508,15780.1,0,50797.3,54152.2,70352.4
20069,8712,12290.1,14603.8,32970.3,0,93862.3,103397.2,118579.9
20071,2414.4,7827.2,27012.1,29615.4,2.3,50644.6,118437.7,152285.1
20073,1003.8,4744.2,20240.3,9436.2,10.7,12449.9,20684.1,21705.4
20075,5479.2,7135.9,9789.3,18126.1,0,44808.2,74539.7,74541.6
20077,770.1,4794.5,8360.5,9209.7,4.3,13470.2,32933.5,42132.9
20079,2094.8,23920,32450.7,21722.3,25.6,41692.1,124068.6,100408.1
20081,5621.5,10298.4,11193.1,22867.1,0,87907.6,83468.8,102530.4
20083,5196.2,5658.6,7077.1,14647,0,35958.2,57656.5,62672.2
20085,3354.9,16533.1,19759.5,20008.2,17.1,20993.2,48256.1,52943.2
20087,3458.6,17608.9,22959.3,24333.1,20.8,25331.5,53060.9,59847.4
20089,2997.4,19492,21357.3,26824.9,20.1,63022.1,87346.7,169921.1
20091,292.4,12268.9,10584.7,11089.1,12.2,13913.1,18666,21821
20093,5627.9,6975.8,8871.9,21249.7,0,66124.9,81944.9,95257.8
20095,730.7,5266.8,6919.6,7170.5,10.7,14013.5,33440.5,41101.3
20097,1132.9,9864.7,17467.3,14144.6,10.5,21160.9,40631.6,46883.3
20099,2417.4,6808.7,19140.8,22622.5,29.2,33472.5,48736.9,63763.7
20101,2319.6,10628.7,25910.3,24484.2,2.8,38751,72764.4,121466.6
20103,2010.4,12982,15278.8,15826.7,14.1,17463.6,29583,31271.2
20105,2543.6,5906.8,10740.8,11263.8,9.2,27462.5,25959.1,69089.7
20107,979.4,19315.2,16800,17338.8,21.3,26773.3,38168.8,49794.3
20109,2229.6,7162,27756.8,26922,5.1,53313.1,152470.2,112807.4
20111,952.1,22572,22811,22546.3,30.6,34797.9,57616.4,65809.6
20113,4466.8,15184.2,30759.9,28411,23,64769.4,56099.7,126093.3
20115,3672.9,12305.1,27324.4,25765.7,22.6,62579.1,57276.9,114358.3
20117,11679,51464.2,60828.2,59667,56.8,68770.1,147533.7,168329
20119,5698.2,7966.8,9093.5,21632.7,0,69478.1,75909.2,107034.4
20121,681.9,18075,14171.9,16101.8,19.7,25222.7,33758.8,40304
20123,2692.7,15865.7,18172.3,24196.8,14.3,56228.1,70585.1,140794.7
20125,1923.7,6079.5,15659.1,15761.2,22.3,27974.2,37095.8,55412.9
20127,927.1,14812.7,11276,11786.7,15.2,19333,36547,44312.4
20129,5604.3,4829.7,6612,14555.6,0,43175.1,59104.7,68752.8
20131,8776.3,34406,42166.4,44750.5,40.6,52172.5,126132.7,146025.2
20133,2220.4,9657.5,18527.8,21135.7,21.3,30364.7,41907,49955.9
20135,2617.9,11367.2,25894.7,23762.2,1.3,37250.8,72391.9,124343.3
20137,3452.1,29855.9,23008.8,34219.9,7.5,51994.7,70115.9,126920.5
20139,655.3,23208.2,22238.1,24834,28.3,36887.3,53258.7,71853.1
20141,2373.7,10736.4,13377.2,17515.1,10.8,39734.5,71281.1,101226.3
20143,1551.2,11114.4,12157.7,15404.6,11.5,32102.4,55276.4,105834.1
20145,1695.8,11448.8,23272.2,17822.7,18.5,36104.3,83635.7,89051.5
20147,2672.8,16464.7,17276,16821.4,6.6,48357.3,69460.4,113930.1
20149,3790.7,16146,19282.5,19591.8,17.3,22569.5,50836.8,58049.3
20151,1966.7,12096.1,29156.8,27030.4,20.5,36640,76695.7,78839.2
20153,3664.5,25042,26296.1,35632.7,2.4,50144.6,88608,142425.5
20155,2277.9,22206.2,29901.1,19626.8,27.1,42488.8,131297.4,113523.6
20157,3960.5,51270.6,56066.6,44647,48,94997.9,108757.9,216830.7
20159,4181.2,14353.7,23449.1,24929.6,22.5,63308.1,50633.9,117728.9
20161,2753.3,10441.3,11280,11420.9,11.8,16479,36012,36701.5
20163,2440.7,13075.3,17486.8,14291.1,5.2,37908.6,77677.4,102354.6
20165,3576.1,10720.1,14639.5,15213.3,4.1,29391.1,32381.2,84072.2
20167,2669.8,5984.6,7906.9,10967.9,2.8,20335.2,23704.4,63130.4
20169,2395.4,6713.6,16910,12836.6,15.7,32687.5,25412.1,72868.2
20171,3140.9,14304.1,34428.8,47247.4,2.1,70032.6,174974.2,154964.2
20173,2286.4,19514.3,30523.2,25498.8,26.3,41808.3,119767.2,98002.3
20175,4948.3,7701.5,7562.1,18570,0,59720.5,67624,86321
20177,606.7,16621.3,15327.1,16155.2,17.9,20915.5,32110.8,43035.7
20179,3837.2,59105.1,36565.9,42152.1,16.7,70983,100238.6,183205.6
20181,2842.1,52196,36986.1,40064.3,9,63586.9,121381.9,186035.2
20183,3152.3,16293.5,18890.8,20599.7,7.8,55608.9,90715,170874.9
20185,1793.4,12370.1,27478.4,16632.2,22.9,35982.4,97635.3,77841.5
20187,5193,6045,7751.1,18081,0,67760.1,83413.3,100054.6
20189,7870.1,11462.7,14181.5,25555.4,0,104888.5,98585.6,121585
20191,1478.1,19654.3,24870.1,39236.6,31.1,70867.7,178050.2,152536
20193,3827.7,75420.5,50881.1,58063.1,15.7,93015.1,150086.7,218749.8
20195,1874.8,7685.9,18604.3,24424.5,1.4,33084.9,84194.8,110977.9
20197,693,12277.7,10197.4,10229.3,12,14778.1,26735.2,29094.8
20199,1969.2,5440.7,19934.4,28156,0.5,42080.2,136681.7,113909.1
20201,4091.1,50082.9,52207.7,46429,49.4,94859,106927,213627.9
20203,2788.5,10952.9,29613.4,37043.1,0.9,60076.4,145280.4,129687.4
20205,2236.5,11234,19379.2,22789.6,24.6,34244.2,50785.4,60491.1
20207,1356.9,6627.9,13349.3,13319.3,12,19448.9,26506.8,30471.2
20209,264.5,1654.3,2036.5,2497.6,2.5,2863.8,3648.5,2949.8
29001,3596.2,12553.8,16987.4,16119.5,93.4,19020.9,23422.5,41128.6
29003,11529.4,29812,32691.4,30445.5,159.4,41104.4,65129.2,75969.3
29005,19128.3,55617.7,59168.3,54836.8,283.9,76718.5,132228.6,152623.7
29007,33347.6,52142.9,71808.7,70839.2,139.9,68799.7,95703.5,97444.3
29009,374.1,458.6,5168.7,766.3,0.3,812.5,4947.5,7472.4
29011,2227,16875.3,37382.6,39428.9,39.8,31992.5,82287.7,59508.1
29013,8359.9,37534.3,48765.2,56204,56,51158.2,93358.8,114873.4
29015,985.9,10387,8875.2,9693.8,10.8,10323.7,16814.6,19574.7
29017,791.9,6114.7,8597.2,10142.4,215.7,3867.5,23551.2,3303.9
29019,1140.2,21288.5,21168.4,21366.1,23.2,21411.4,30138.4,29893.5
29021,8789.7,25204.6,26504,26567.2,146.5,36148.8,56829.3,51115
29023,7445,27037,37085,53354.9,1153.6,76764.5,62074.3,84064.7
29025,7940.2,19286.1,18339.5,19467.5,97.7,24360.2,36021.4,32283.2
29027,1976.3,27650.1,25749.5,28136.4,31.8,28451.6,42210.2,50037.6
29029,94.3,336.4,696.1,193.2,0.1,397.8,238.6,1066.4
29031,5848.6,12409.9,15156,25369.2,579.4,38423.5,33584.8,48207.4
29033,10548.1,42025.7,57555.7,52593.3,301.2,64121.1,100248.2,111442.4
29035,1608.1,40.3,0.2,27.4,0,43.7,80.8,253
29037,5034.5,22684.9,28305.1,35351.7,33,30880.8,54190.6,61364.7
29039,1080.2,1679.8,2041.8,2822,2.7,2512.7,4678.8,8248.4
29041,11080.1,40277.2,55997.3,50536.6,299.6,63091.4,94325.4,97377.7
29043,316.8,266.8,2755.5,259.6,0.1,249.8,1730.3,1979.2
29045,19700.1,25667.3,29838.1,32095.6,58.3,29186.7,34637.3,62488.1
29047,2876.9,8574.9,9026.7,8855.5,47.9,10962.1,20020.5,23900.4
29049,5919.5,20329.5,22220.5,19554.7,105.4,27402.5,47064.3,33002.8
29051,473.9,5014.7,4619,4682.8,5.2,5056.1,7304.7,8507.2
29053,1384.2,31808,28726.2,30163.2,33.3,31007.7,53124.9,67677
29055,546,1218.8,614.9,486.9,0.2,642.1,1952.9,1361.1
29057,861.3,5756.6,18130.8,12761,13.4,11398.7,26555.7,24093.1
29059,243,583.8,983.8,368.7,0.3,856.2,1362.8,2536.6
29061,11777.1,31503.2,31666.8,32570.4,172.8,43520.5,63790.3,68722.9
29063,6773,19733.5,20074.3,18760.5,107.4,26283.8,42694.1,55916.7
29065,991.3,222.3,115.2,210.3,2.1,208.1,432.5,995.6
29067,510.5,825.6,99.5,284.2,0,374.9,957.5,1562.9
29069,7163.4,62796.9,98521.2,148791.3,857.7,195811.6,154419,132645.7
29071,1174.2,10650.1,9050.8,20693,11.9,19034.5,31051.4,33343.7
29073,704.2,3779.1,3230.6,7639,4.1,6994.4,11030.3,14255.2
29075,9080.9,20341.1,22659.3,21804,115.8,30019.7,48773.3,50476.9
29077,460.7,444.9,3913.6,642.8,0.2,468.8,3232.8,3949.2
29079,6276.8,22168.6,29072.7,25105.3,155.3,31108.1,47197.7,61945.1
29081,11863.7,26910.9,27611.7,27983.5,141.1,39478.2,61491.2,95146.6
29083,4299.4,18080.7,20589.3,25645.9,25.1,25273.4,44974,61382.2
29085,238.6,1231.9,1307.5,881.8,0.9,1293.2,2465.6,6434.9
29087,16828.3,47289.9,50599.2,46776.7,252.4,65003.3,83375.3,114378.7
29089,886.4,20908.4,17988.6,18356.9,20.3,19246.9,32177.8,43513.1
29091,805.1,845.5,260.8,549.8,3.5,502.8,1294.7,2199
29093,1963.6,114,6.5,35.7,0,66.3,102.7,352.4
29095,3099.6,15840.1,18917.5,22827.3,23.1,19288.3,29743,32787
29097,1166.2,8594.1,23992.7,21691.3,20,16796.7,45466.6,36577.7
29099,488.8,2699.8,1983.6,5282.8,2.9,4300.9,6703.6,4959.3
29101,5057.8,21789.8,25991.8,31960.5,31.1,29818.2,57850.8,66020.4
29103,16090.1,26723.3,33460.8,33785.6,67.1,32359.1,43161.5,76352.4
29105,296.6,1483.1,2010.2,1024.7,0.8,1249.6,2582.3,5330.8
29107,9221.9,41435.8,48039.2,61972.6,56.9,54863.7,97664,116681.9
29109,714,2414,8010,4291.1,3.8,3709.7,13741.5,14151
29111,17884.9,23362.9,30616.2,30573.7,57.7,28827.7,40120.4,39402.9
29113,1360,22414.6,19511.5,47967.6,28.1,42770.3,69408.5,71079.9
29115,5838,18933.3,25577.4,21593.5,131.4,27106,49454.8,73434
29117,8412.4,36064.6,49094.2,43517.8,252.2,51323.4,74631.1,84641.3
29119,240.9,363.8,3844.7,543.5,0.2,432.5,1834.2,1257.6
29121,6522.6,23796,33964.1,29509.1,187.2,34926.2,59051.3,83932.4
29123,3400.8,325.7,229.2,307.8,4.9,146.3,663,500
29125,198.1,1191.1,1482.9,910.5,0.8,1408.5,2304.9,4670.9
29127,17078.3,21835.2,30459.7,29279.6,52.4,26677.9,37038.8,58404.3
29129,3271.6,8783.5,11439.2,11566.4,58.6,13497.2,20761.6,32325.2
29131,210.3,2214.4,2266.2,1842.5,2,2408.8,3539.6,6070.6
29133,10600.1,33021.8,45846,67707.8,1598.4,106065.5,81019.9,92834.8
29135,884,9911.1,9058.9,9432.6,10.8,9758.3,15649.6,23170.1
29137,18926.8,27491.1,37197.5,35257.6,68.1,32361.4,50555.8,82021.4
29139,1243.2,21911.6,19846.7,49702.1,29,45839.6,73323.8,62885.3
29141,473.4,5499.5,4579.8,4464.4,4.5,4910.5,8134.3,10756.9
29143,12687,66212.4,98936.5,148030.9,1597.4,212652.6,167523.8,167758.9
29145,375.8,692.7,4671.8,2016,2.3,2097.3,9956.3,10493.3
29147,23707.8,58995,63694.9,60171.3,317.1,81983.1,140907.3,145590.4
29149,381.3,257.2,60.5,232.1,1.8,272.6,486.2,1381
29151,611.6,6927.7,6415.2,5560,5.6,6257.9,9518.4,10960.3
29153,1246.5,591,15.3,242.2,0,308.6,504.1,1255.7
29155,10607.6,55917.4,85474.5,124211.3,1432,174621.8,123456,118107.4
29157,895.9,12394.7,10890.4,29394.7,17.6,26648.9,42801.4,38016.4
29159,2960.6,41037.6,37568.1,39453.4,47.1,44155.6,67998.7,66401.1
29161,412.1,775.5,1338.3,522.8,0.4,837.8,447.3,1107.2
29163,18378,25304.7,34068.7,34092.7,65.4,31664.6,46697.7,70769.5
29165,7679.4,26233.1,28315.7,26087.3,148.3,35810,48333,49400.5
29167,457.6,1502.2,2162.3,1052.9,1,2075.2,3861.8,6054.9
29169,111.4,486.4,729.2,332.2,0.2,551,550.5,1325.6
29171,1832.2,6694.2,6891.9,8584.9,51.3,11060,16011.7,27203.7
29173,19218.5,26403.3,35571.2,35336.9,68.6,32389.5,42729.8,37358.9
29175,3967.8,11989,18694.4,16533.6,105,21406.8,34863.9,46669.6
29177,9815.6,33837.3,36231.4,36212.3,183,44344.8,60704.7,72745.4
29179,110.7,77.9,18.1,63.8,0,75.2,145.2,337.7
29181,526,3144,4307,5361.9,108.9,2166.7,9656.4,2577.2
29183,917.3,20775.4,18161.7,43368.3,23.7,38447.1,55824,43917.4
29185,2502.5,9860.1,10467.8,13860.9,14.5,13677.1,23967,34831.9
29186,846.5,7289.2,5458.9,13820.4,7.9,12701.2,15932.9,15250.5
29187,607.9,870.6,577.4,887.5,0.6,1051.1,2366.6,2783.6
29189,282.9,3420.6,2843.3,7356.2,4.1,6063.3,7071.9,5153.4
29195,2211,75464.4,62117.9,67671.9,74.2,71571,110036.3,133393.2
29197,1614.4,5920.7,7660.6,7484.1,41.4,9210.9,13314.4,22591.6
29199,12458.4,21096.3,22573.3,25786.4,44.3,22913.5,28600.9,53244.3
29201,7048.8,22135.7,31557.7,50873,914.2,76231.1,56748.8,78487.5
29203,2889.2,171.4,6.1,61.5,0,101.5,141.4,555.2
29205,21460,33013.7,46524.4,42776.3,84,40413.4,55798.4,86851.4
29207,12589.4,49711.2,72465.7,113564,1478.2,163043.1,143092.7,166134
29209,166.6,111.6,2487.2,153.4,0,132,1921,2846.4
29211,3047.3,8580.7,10074.4,11037.9,59.1,12651,20072.9,24532.4
29213,213,366.1,67.5,185.4,1.8,170.6,315.7,670.4
29215,880.1,874.3,189.8,350.3,0,493.1,1002.4,2458.3
29217,7419.1,24969,34717.1,40180,36.4,35691.9,65234.2,69214.3
29219,812.4,10323,9877,23426,13,20255.2,30450.6,23512.6
29221,513.4,454.1,188.8,336.4,0.1,635.8,1191.5,908
29223,683.4,958.2,1304.9,1466.7,30.8,556,3092.2,704.7
29225,889,2072.4,332.1,520.1,3,611.7,3130.5,2942.9
29227,4335.3,8808.3,9475.2,9346.1,49.1,12177.5,19326.5,17722.9
29229,803.6,755.5,90.1,264.4,0,352,1274.6,2164.8
29510,0,0,0,0,0,0,0,0
31001,1857.6,41412.6,28114.6,55492.8,64.6,99523.6,151207.2,124409.6
31003,8379.5,38853.2,48096.7,65611.1,99.8,87535.3,176194.2,182243.2
31005,642,311.3,309.5,434.9,0,3895.1,1627,3792.6
31007,5713.4,5448.7,2940.3,5903.2,0.5,12868.5,20243.3,46902.8
31009,507.8,267.7,294.7,215.8,0,3629.8,1602.8,2640.8
31011,6386.3,27394.2,32403,50163.9,70.9,70448.5,143399.7,164126.9
31013,6901.8,13574.8,8054.8,18644.2,4.1,42799.6,67502,97277.8
31015,1887.8,4937.9,4215.7,6102.3,4.6,10481.3,14985.6,44176.5
31017,4357.5,3366.4,3576.7,5576.4,5.1,14384.3,13263.6,34759.2
31019,1993.1,24446,38451.3,43924.6,55.9,80009,142163.2,121345.3
31021,5317.3,34063.8,40032.5,59050.3,89.1,71813.1,134783.6,135527.5
31023,1693.5,45867.6,41614.8,66088.8,236.6,75374.3,133043.2,149673
31025,1935.8,52996.7,45327,72061.5,276.8,82904.5,129627.3,142402.7
31027,7417,36374.2,42405.7,64207.1,96.3,84034.6,167832,180638.6
31029,2450.5,9489.1,8794.7,41214.8,11.4,38512.8,90362.1,118801.8
31031,4525.1,1887.8,2089.4,2388.5,1,32199.7,7877.3,20863.6
31033,10106.3,17041.4,10337.2,19430.4,2.2,41918.3,53622.2,118312.2
31035,12015.1,31056.1,45590.6,70225.2,329.5,87821.1,156360.7,190424.2
31037,1414.4,31187.2,27301.3,46114.4,165.2,52628.9,99199.9,112358.3
31039,3254.4,37068.9,42585,66825.5,99.3,83983.4,158364.1,167190.6
31041,2695.2,23466.5,37004.2,31274.2,34.6,74163.4,155661.1,135183.1
31043,2929.7,15988.2,18742.9,27539.6,43,35170.9,63135.9,63013.1
31045,3228.8,3556.1,3318.6,3671,0,8243,11322.1,24106.2
31047,2084.4,18537.5,28057,27274.6,35.6,64331.9,123689.2,108749.8
31049,4242.7,9460.8,5544.5,11099.7,1.1,24631.4,30623.8,58849
31051,9140.8,21678.7,25329.8,39053.2,59.7,48621.6,107498.7,116855.7
31053,1881.2,48603.5,43217,70343.2,255.8,80955.7,131906.3,145430.2
31055,536.3,11786.8,9863,15376.8,55.8,16123.7,28848.3,28252
31057,1820.4,6020.4,4920.7,27522.9,5.5,23104.9,65685.9,72275.8
31059,15129.2,36143.5,56240.4,84700.6,404.3,108061.5,181965.8,221840.4
31061,1476.3,23697.9,14865.9,27520.1,34.2,54859.3,83097.3,69189.7
31063,2290.5,11229.9,5778.5,22408.6,13.9,30079.4,68151.6,86825.8
31065,3589.8,18635.3,16272.1,26068.7,19.6,47501.3,85529.4,76125.9
31067,15787.6,42676.1,58710.4,108755.1,495.5,114043.6,201078,263530.5
31069,3526.9,6082.3,3956.6,7193.7,2.3,17349.7,25071.7,38578.7
31071,2184.3,1117.9,1211.7,1505.5,1,4733.6,4729.4,11178.8
31073,1081.4,15400.5,11698.6,21484.3,22.1,38714.2,67102,58261.2
31075,117.6,123.7,80.9,96,0,3828.2,25.7,74.5
31077,747.4,10344,14641.1,17598.7,23,30636.8,60694.4,48842.9
31079,1396.4,17853.6,27836.9,25573.3,29.5,55016.9,98764,89266.6
31081,1058.5,39780.6,38219.6,58796.4,211.3,74996.8,137613.1,155060.8
31083,2059.2,21001.4,14562.1,25832,28.1,52399.9,85254.4,71279.6
31085,1851.2,6153.3,4333.8,16810.3,4.2,21703.7,50443.4,67022.5
31087,2933.5,8690.9,5208.6,16953.2,3.5,24097.8,60197,74956.7
31089,10260.3,28813.8,17146.7,28730.9,38.3,64443,62411.1,168586
31091,112.7,140.7,151.6,124.7,0,3645.7,20.1,177.5
31093,997.2,11178.9,17000.4,18665.1,21.9,34466.6,68762.8,64154.6
31095,9508.6,26404.8,35850.8,55352.7,275.7,69271.7,118628.2,154263.2
31097,5531.6,12830.7,17650,27963.5,148.5,32782.2,61223.4,80802.1
31099,1487.6,39451.5,26608.9,53461,67,94312.8,144811.7,117894.1
31101,2307.4,8109.1,5978.2,27441.1,8.5,27817.9,68555.1,97241.4
31103,1738.8,1167,1481.5,2025.8,2.1,7222.5,5631.2,14226.3
31105,11621.2,9479.4,5890.9,11719.1,0.4,25742.1,35354.5,74947.2
31107,6573.9,22407.2,25794,38742.4,56,55470.5,119526,146476.5
31109,2319.1,54131.2,48728.5,74218.5,277,82868,135272.3,152275
31111,2593.3,18739.3,10520.1,52509.3,24.2,58276.9,116032,161178.2
31113,1205.2,1968.6,1770.9,2476.6,1.4,8135.1,8275.2,20082.8
31115,1075.3,760,837.7,1023.8,0.7,4454.5,2911.9,7345.1
31117,555.3,382.3,440.2,395.2,0.1,5032.4,2173.9,2470.4
31119,5170.5,33578.2,40717.9,60718.9,91.6,76417.3,139672.4,143668.7
31121,805.9,25735.1,24318,37699.3,120.7,45821.5,91678,103748.2
31123,4120.1,8757.2,5843.8,10513.5,2.5,36446.8,50278.7,68275.4
31125,835.2,17538.4,18299,27247.3,98.2,32648.2,66767.7,73298.2
31127,10831.4,26089.4,37144.7,57352.8,299.9,66459.6,100161.2,124922.2
31129,6353.2,18594.7,26592.5,37661.4,183.5,53385.8,104506.1,138212.7
31131,15878.2,36933.6,51667.4,83398.6,427.8,97735.1,157957.5,191484.1
31133,5331.8,12714.1,17568.3,28799.6,137.5,34400.8,59253.9,90597.5
31135,4928.5,16246.4,11961.1,53961.5,13.2,54997.7,136884.8,184739
31137,1072.1,45075,29011,60563.4,76.6,104416.2,153053.5,126023.3
31139,4140.2,29825.9,36382,54241.4,78.9,71351.4,134566.7,138773.7
31141,2003.5,53763.1,48494.8,80518,278.8,92157.9,162395.9,192339.3
31143,1068.4,34652.5,31488.3,48960.1,178.9,56734,107013.6,116914.3
31145,3331.1,13443.6,7168.6,21914.4,10.9,32828,73325,97331.7
31147,13937.3,30563.6,42739.9,68772.4,343.8,77957.1,124053.7,152686.1
31149,4241.2,4528.1,2708.2,4609,6.4,13255.1,10010.7,23210.1
31151,11299,29616.7,44439.1,69862.1,350.2,87074.7,151979.8,186745.8
31153,617.2,15766.2,13296.7,20069.2,75,22884,36754.2,36671.8
31155,2472,67881.9,59635.3,94688.4,361.4,111022.2,175370.5,196739
31157,3884.4,9631.4,6837.3,10959.3,4.8,41229,58753.2,65919.2
31159,1535.7,44561.3,40921.4,64778.8,240.7,76643.4,131038.5,144686
31161,6243.4,7926.4,5626.3,7930.8,1.2,21768.5,31612.8,44411.5
31163,845.7,8573,12000.9,13127.8,16.2,27709.2,53228.9,43195.5
31165,1876.1,2474.3,2179.6,2909.1,0.4,8243.5,11524.2,13472.2
31167,4837.5,18182.6,20404.6,32457.6,48.5,41473.9,89424.6,98956.5
31169,11137.3,29715.5,41713.6,62442.6,301.4,80823.9,140514.1,188747.9
31171,257.4,123.1,137.2,135.5,0,3374,380.2,466.1
31173,6266.4,22428.9,25142.3,39523.1,61.3,49342.6,93115.2,96787.6
31175,929.9,9093.3,13150.5,14302.2,18.8,27920.8,54250.8,46915.6
31177,1296.5,34795.8,30329.2,47538.5,182.3,54537.9,84403.6,100359.9
31179,4895.5,28962.4,33002.4,51419.4,77.1,66220.2,123164.7,131145.6
31181,2171.9,19753.9,13520.8,22923.5,24.3,47213.5,77152.7,70921.9
31183,3821.8,4557.8,3327.5,5663.6,5.7,12639.2,13973.6,32995.7
31185,1242.2,42614.6,39006.3,65215.2,217.6,79973.4,149359.4,176415.7
